1,0,,,,,,
8,1,,,,,,
631,100,,,,,,
638,101,,,,,,
645,102,,,,,,
652,103,,,,,,
659,104,,,,,,
666,105,,,,,,
673,106,,,,,,
680,107,,,,,,
687,108,,,,,,
694,109,,,,,,
701,110,,,,,,
708,111,,,,,,
715,112,,,,,,
722,113,,,,,,
729,114,,,,,,
736,115,,,,,,
743,116,,,,,,
750,117,,,,,,
757,118,,,,,,
764,119,,,,,,
771,120,,,,,,
778,121,,,,,,
785,122,,,,,,
792,123,,,,,,
799,124,,,,,,
806,125,,,,,,
813,126,,,,,,
820,127,,,,,,
827,128,,,,,,
834,129,,,,,,
841,130,,,,,,
848,131,,,,,,
855,132,,,,,,
862,133,,,,,,
869,134,,,,,,
876,135,,,,,,
883,136,,,,,,
890,137,,,,,,
897,138,,,,,,
904,139,,,,,,
911,140,,,,,,
918,141,,,,,,
925,142,,,,,,
932,143,,,,,,
939,144,,,,,,
946,145,,,,,,
953,146,,,,,,
960,147,,,,,,
967,148,,,,,,
974,149,,,,,,
981,150,,,,,,
988,151,,,,,,
995,152,,,,,,
1002,153,,,,,,
1009,154,,,,,,
1016,155,,,,,,
1023,156,,,,,,
1030,157,,,,,,
1037,158,,,,,,
1044,159,,,,,,
1051,160,,,,,,
1058,161,,,,,,
1065,162,,,,,,
1072,163,,,,,,
1079,164,,,,,,
1086,165,,,,,,
1093,166,,,,,,
1100,167,,,,,,
1107,168,,,,,,
1114,169,,,,,,
1121,170,,,,,,
1128,171,,,,,,
1135,172,,,,,,
1142,173,,,,,,
1149,174,,,,,,
1156,175,,,,,,
1163,176,,,,,,
1170,177,,,,,,
1177,178,,,,,,
1184,179,,,,,,
1191,180,,,,,,
1198,181,,,,,,
1205,182,,,,,,
1212,183,,,,,,
1219,184,,,,,,
1226,185,,,,,,
1233,186,,,,,,
1240,187,,,,,,
1247,188,,,,,,
1254,189,,,,,,
1261,190,,,,,,
1268,191,,,,,,
1275,192,,,,,,
1282,193,,,,,,
1289,194,,,,,,
1296,195,,,,,,
1303,196,,,,,,
1310,197,,,,,,
1317,198,,,,,,
1324,199,,,,,,
15,2,,,,,,
71,20,,,,,,
1331,200,,,,,,
1338,201,,,,,,
1345,202,,,,,,
1352,203,,,,,,
1359,204,,,,,,
1366,205,,,,,,
1373,206,,,,,,
1380,207,,,,,,
1387,208,,,,,,
1394,209,,,,,,
78,21,,,,,,
1401,210,,,,,,
1408,211,,,,,,
1415,212,,,,,,
1422,213,,,,,,
1429,214,,,,,,
1436,215,,,,,,
1443,216,,,,,,
1450,217,,,,,,
1457,218,,,,,,
1464,219,,,,,,
85,22,,,,,,
1471,220,,,,,,
1478,221,,,,,,
1485,222,,,,,,
1492,223,,,,,,
1499,224,,,,,,
1506,225,,,,,,
1513,226,,,,,,
1520,227,,,,,,
1527,228,,,,,,
1534,229,,,,,,
92,23,,,,,,
1541,230,,,,,,
1548,231,,,,,,
1555,232,,,,,,
1562,233,,,,,,
1569,234,,,,,,
1576,235,,,,,,
1583,236,,,,,,
1590,237,,,,,,
1597,238,,,,,,
1604,239,,,,,,
99,24,,,,,,
1611,240,,,,,,
1618,241,,,,,,
1625,242,,,,,,
1632,243,,,,,,
1639,244,,,,,,
1646,245,,,,,,
1653,246,,,,,,
1660,247,,,,,,
1667,248,,,,,,
1674,249,,,,,,
106,25,,,,,,
1681,250,,,,,,
1689,251,,,,,,
1697,252,,,,,,
1705,253,,,,,,
1713,254,,,,,,
1721,255,,,,,,
1729,256,,,,,,
1737,257,,,,,,
1745,258,,,,,,
1753,259,,,,,,
113,26,,,,,,
1761,260,,,,,,
1769,261,,,,,,
1777,262,,,,,,
1785,263,,,,,,
1793,264,,,,,,
1801,265,,,,,,
1809,266,,,,,,
1817,267,,,,,,
1825,268,,,,,,
1833,269,,,,,,
120,27,,,,,,
1841,270,,,,,,
1849,271,,,,,,
1857,272,,,,,,
1865,273,,,,,,
1873,274,,,,,,
1881,275,,,,,,
1889,276,,,,,,
1897,277,,,,,,
1905,278,,,,,,
1913,279,,,,,,
127,28,,,,,,
1921,280,,,,,,
1929,281,,,,,,
1937,282,,,,,,
1945,283,,,,,,
1953,284,,,,,,
1961,285,,,,,,
1969,286,,,,,,
1977,287,,,,,,
1985,288,,,,,,
1993,289,,,,,,
134,29,,,,,,
2001,290,,,,,,
2009,291,,,,,,
2017,292,,,,,,
2025,293,,,,,,
2033,294,,,,,,
2041,295,,,,,,
2049,296,,,,,,
2057,297,,,,,,
2065,298,,,,,,
2073,299,,,,,,
22,3,,,,,,
141,30,,,,,,
2081,300,,,,,,
2089,301,,,,,,
2097,302,,,,,,
2105,303,,,,,,
2113,304,,,,,,
2121,305,,,,,,
2129,306,,,,,,
2137,307,,,,,,
2145,308,,,,,,
2153,309,,,,,,
148,31,,,,,,
2161,310,,,,,,
2169,311,,,,,,
2177,312,,,,,,
2185,313,,,,,,
2193,314,,,,,,
2201,315,,,,,,
2209,316,,,,,,
2217,317,,,,,,
2225,318,,,,,,
2233,319,,,,,,
155,32,,,,,,
2241,320,,,,,,
2249,321,,,,,,
2257,322,,,,,,
2265,323,,,,,,
2273,324,,,,,,
2281,325,,,,,,
2289,326,,,,,,
2297,327,,,,,,
2305,328,,,,,,
2313,329,,,,,,
162,33,,,,,,
2321,330,,,,,,
2329,331,,,,,,
2337,332,,,,,,
2345,333,,,,,,
2353,334,,,,,,
2361,335,,,,,,
2369,336,,,,,,
2377,337,,,,,,
2385,338,,,,,,
2393,339,,,,,,
169,34,,,,,,
2401,340,,,,,,
2409,341,,,,,,
2417,342,,,,,,
2425,343,,,,,,
2433,344,,,,,,
2441,345,,,,,,
2449,346,,,,,,
2457,347,,,,,,
2465,348,,,,,,
2473,349,,,,,,
176,35,,,,,,
2481,350,,,,,,
2489,351,,,,,,
2497,352,,,,,,
2505,353,,,,,,
2513,354,,,,,,
2521,355,,,,,,
2529,356,,,,,,
2537,357,,,,,,
2545,358,,,,,,
2553,359,,,,,,
183,36,,,,,,
2561,360,,,,,,
2569,361,,,,,,
2577,362,,,,,,
2585,363,,,,,,
2593,364,,,,,,
2601,365,,,,,,
2609,366,,,,,,
2617,367,,,,,,
2625,368,,,,,,
2633,369,,,,,,
190,37,,,,,,
2641,370,,,,,,
2649,371,,,,,,
2657,372,,,,,,
2665,373,,,,,,
2673,374,,,,,,
2681,375,,,,,,
2689,376,,,,,,
2697,377,,,,,,
2705,378,,,,,,
2713,379,,,,,,
197,38,,,,,,
2721,380,,,,,,
2729,381,,,,,,
2737,382,,,,,,
2745,383,,,,,,
2753,384,,,,,,
2761,385,,,,,,
2769,386,,,,,,
2777,387,,,,,,
2785,388,,,,,,
2793,389,,,,,,
204,39,,,,,,
2801,390,,,,,,
2809,391,,,,,,
2817,392,,,,,,
2825,393,,,,,,
2833,394,,,,,,
2841,395,,,,,,
2849,396,,,,,,
2857,397,,,,,,
2865,398,,,,,,
2873,399,,,,,,
29,4,,,,,,
211,40,,,,,,
2881,400,,,,,,
2889,401,,,,,,
2897,402,,,,,,
2905,403,,,,,,
2913,404,,,,,,
2921,405,,,,,,
2929,406,,,,,,
2937,407,,,,,,
2945,408,,,,,,
2953,409,,,,,,
218,41,,,,,,
2961,410,,,,,,
2969,411,,,,,,
2977,412,,,,,,
2985,413,,,,,,
2993,414,,,,,,
3001,415,,,,,,
3009,416,,,,,,
3017,417,,,,,,
3025,418,,,,,,
3033,419,,,,,,
225,42,,,,,,
3041,420,,,,,,
3049,421,,,,,,
3057,422,,,,,,
3065,423,,,,,,
3073,424,,,,,,
3081,425,,,,,,
3089,426,,,,,,
3097,427,,,,,,
3105,428,,,,,,
3113,429,,,,,,
232,43,,,,,,
3121,430,,,,,,
3129,431,,,,,,
3137,432,,,,,,
3145,433,,,,,,
3153,434,,,,,,
3161,435,,,,,,
3169,436,,,,,,
3177,437,,,,,,
3185,438,,,,,,
3193,439,,,,,,
239,44,,,,,,
3201,440,,,,,,
3209,441,,,,,,
3217,442,,,,,,
3225,443,,,,,,
3233,444,,,,,,
3241,445,,,,,,
3249,446,,,,,,
3257,447,,,,,,
3265,448,,,,,,
3273,449,,,,,,
246,45,,,,,,
3281,450,,,,,,
3289,451,,,,,,
3297,452,,,,,,
3305,453,,,,,,
3313,454,,,,,,
3321,455,,,,,,
3329,456,,,,,,
3337,457,,,,,,
3345,458,,,,,,
3353,459,,,,,,
253,46,,,,,,
3361,460,,,,,,
3369,461,,,,,,
3377,462,,,,,,
3385,463,,,,,,
3393,464,,,,,,
3401,465,,,,,,
3409,466,,,,,,
3417,467,,,,,,
3425,468,,,,,,
3433,469,,,,,,
260,47,,,,,,
3441,470,,,,,,
3449,471,,,,,,
3457,472,,,,,,
3465,473,,,,,,
3473,474,,,,,,
3481,475,,,,,,
3489,476,,,,,,
3497,477,,,,,,
3505,478,,,,,,
3513,479,,,,,,
267,48,,,,,,
3521,480,,,,,,
3529,481,,,,,,
3537,482,,,,,,
3545,483,,,,,,
3553,484,,,,,,
3561,485,,,,,,
3569,486,,,,,,
3577,487,,,,,,
3585,488,,,,,,
3593,489,,,,,,
274,49,,,,,,
3601,490,,,,,,
3608,491,,,,,,
3615,492,,,,,,
3622,493,,,,,,
3629,494,,,,,,
3636,495,,,,,,
3643,496,,,,,,
3650,497,,,,,,
3657,498,,,,,,
3664,499,,,,,,
36,5,,,,,,
281,50,,,,,,
3671,500,,,,,,
3678,501,,,,,,
3685,502,,,,,,
3692,503,,,,,,
3699,504,,,,,,
3706,505,,,,,,
3713,506,,,,,,
3720,507,,,,,,
3727,508,,,,,,
3734,509,,,,,,
288,51,,,,,,
3741,510,,,,,,
3748,511,,,,,,
3755,512,,,,,,
3762,513,,,,,,
3769,514,,,,,,
3776,515,,,,,,
3783,516,,,,,,
3790,517,,,,,,
3797,518,,,,,,
3804,519,,,,,,
295,52,,,,,,
3811,520,,,,,,
3818,521,,,,,,
3825,522,,,,,,
3832,523,,,,,,
3839,524,,,,,,
3846,525,,,,,,
3853,526,,,,,,
3860,527,,,,,,
3867,528,,,,,,
3874,529,,,,,,
302,53,,,,,,
3881,530,,,,,,
3888,531,,,,,,
3895,532,,,,,,
3902,533,,,,,,
3909,534,,,,,,
3916,535,,,,,,
3923,536,,,,,,
3930,537,,,,,,
3937,538,,,,,,
3944,539,,,,,,
309,54,,,,,,
3951,540,,,,,,
3958,541,,,,,,
3965,542,,,,,,
3972,543,,,,,,
3979,544,,,,,,
3986,545,,,,,,
3993,546,,,,,,
4000,547,,,,,,
4007,548,,,,,,
4014,549,,,,,,
316,55,,,,,,
4021,550,,,,,,
4028,551,,,,,,
4035,552,,,,,,
4042,553,,,,,,
4049,554,,,,,,
4056,555,,,,,,
4063,556,,,,,,
4070,557,,,,,,
4077,558,,,,,,
4084,559,,,,,,
323,56,,,,,,
4091,560,,,,,,
4098,561,,,,,,
4105,562,,,,,,
4112,563,,,,,,
4119,564,,,,,,
4126,565,,,,,,
4133,566,,,,,,
4140,567,,,,,,
4147,568,,,,,,
4154,569,,,,,,
330,57,,,,,,
4161,570,,,,,,
4168,571,,,,,,
4175,572,,,,,,
4182,573,,,,,,
4189,574,,,,,,
4196,575,,,,,,
4203,576,,,,,,
4210,577,,,,,,
4217,578,,,,,,
4224,579,,,,,,
337,58,,,,,,
4231,580,,,,,,
4238,581,,,,,,
4245,582,,,,,,
4252,583,,,,,,
4259,584,,,,,,
4266,585,,,,,,
4273,586,,,,,,
4280,587,,,,,,
4287,588,,,,,,
4294,589,,,,,,
344,59,,,,,,
4301,590,,,,,,
4308,591,,,,,,
4315,592,,,,,,
4322,593,,,,,,
4329,594,,,,,,
4336,595,,,,,,
4343,596,,,,,,
4350,597,,,,,,
4357,598,,,,,,
4364,599,,,,,,
43,6,,,,,,
351,60,,,,,,
4371,600,,,,,,
4378,601,,,,,,
4385,602,,,,,,
4392,603,,,,,,
4399,604,,,,,,
4406,605,,,,,,
4413,606,,,,,,
4420,607,,,,,,
4427,608,,,,,,
4434,609,,,,,,
358,61,,,,,,
4441,610,,,,,,
4448,611,,,,,,
4455,612,,,,,,
4462,613,,,,,,
4469,614,,,,,,
4476,615,,,,,,
4483,616,,,,,,
4490,617,,,,,,
4497,618,,,,,,
4504,619,,,,,,
365,62,,,,,,
4511,620,,,,,,
4518,621,,,,,,
4525,622,,,,,,
4532,623,,,,,,
4539,624,,,,,,
4546,625,,,,,,
4553,626,,,,,,
4560,627,,,,,,
4567,628,,,,,,
4574,629,,,,,,
372,63,,,,,,
4581,630,,,,,,
4588,631,,,,,,
4595,632,,,,,,
4602,633,,,,,,
4609,634,,,,,,
4616,635,,,,,,
4623,636,,,,,,
4630,637,,,,,,
4637,638,,,,,,
4644,639,,,,,,
379,64,,,,,,
4651,640,,,,,,
4658,641,,,,,,
4665,642,,,,,,
4672,643,,,,,,
4679,644,,,,,,
4686,645,,,,,,
4693,646,,,,,,
4700,647,,,,,,
4707,648,,,,,,
4714,649,,,,,,
386,65,,,,,,
4721,650,,,,,,
4728,651,,,,,,
4735,652,,,,,,
4742,653,,,,,,
4749,654,,,,,,
4756,655,,,,,,
4763,656,,,,,,
4770,657,,,,,,
4777,658,,,,,,
4784,659,,,,,,
393,66,,,,,,
4791,660,,,,,,
4798,661,,,,,,
4805,662,,,,,,
4812,663,,,,,,
4819,664,,,,,,
4826,665,,,,,,
4833,666,,,,,,
4840,667,,,,,,
4847,668,,,,,,
4854,669,,,,,,
400,67,,,,,,
4861,670,,,,,,
4868,671,,,,,,
4875,672,,,,,,
4882,673,,,,,,
4889,674,,,,,,
4896,675,,,,,,
4903,676,,,,,,
4910,677,,,,,,
4917,678,,,,,,
4924,679,,,,,,
407,68,,,,,,
4931,680,,,,,,
4938,681,,,,,,
4945,682,,,,,,
4952,683,,,,,,
4959,684,,,,,,
4966,685,,,,,,
4973,686,,,,,,
4980,687,,,,,,
4987,688,,,,,,
4994,689,,,,,,
414,69,,,,,,
5001,690,,,,,,
5008,691,,,,,,
5015,692,,,,,,
5022,693,,,,,,
5029,694,,,,,,
5036,695,,,,,,
5043,696,,,,,,
5050,697,,,,,,
5057,698,,,,,,
5064,699,,,,,,
50,7,,,,,,
421,70,,,,,,
5071,700,,,,,,
5078,701,,,,,,
5085,702,,,,,,
5092,703,,,,,,
5099,704,,,,,,
5106,705,,,,,,
5113,706,,,,,,
5120,707,,,,,,
5127,708,,,,,,
5134,709,,,,,,
428,71,,,,,,
5141,710,,,,,,
5148,711,,,,,,
5155,712,,,,,,
5162,713,,,,,,
5169,714,,,,,,
5176,715,,,,,,
5183,716,,,,,,
5190,717,,,,,,
5197,718,,,,,,
5204,719,,,,,,
435,72,,,,,,
5211,720,,,,,,
5218,721,,,,,,
5225,722,,,,,,
5232,723,,,,,,
5239,724,,,,,,
5246,725,,,,,,
5253,726,,,,,,
5260,727,,,,,,
5267,728,,,,,,
5274,729,,,,,,
442,73,,,,,,
5281,730,,,,,,
5289,731,,,,,,
5297,732,,,,,,
5305,733,,,,,,
5313,734,,,,,,
5321,735,,,,,,
5329,736,,,,,,
5337,737,,,,,,
5345,738,,,,,,
5353,739,,,,,,
449,74,,,,,,
5361,740,,,,,,
5369,741,,,,,,
5377,742,,,,,,
5385,743,,,,,,
5393,744,,,,,,
5401,745,,,,,,
5409,746,,,,,,
5417,747,,,,,,
5425,748,,,,,,
5433,749,,,,,,
456,75,,,,,,
5441,750,,,,,,
5449,751,,,,,,
5457,752,,,,,,
5465,753,,,,,,
5473,754,,,,,,
5481,755,,,,,,
5489,756,,,,,,
5497,757,,,,,,
5505,758,,,,,,
5513,759,,,,,,
463,76,,,,,,
5521,760,,,,,,
5529,761,,,,,,
5537,762,,,,,,
5545,763,,,,,,
5553,764,,,,,,
5561,765,,,,,,
5569,766,,,,,,
5577,767,,,,,,
5585,768,,,,,,
5593,769,,,,,,
470,77,,,,,,
5601,770,,,,,,
5609,771,,,,,,
5617,772,,,,,,
5625,773,,,,,,
5633,774,,,,,,
5641,775,,,,,,
5649,776,,,,,,
5657,777,,,,,,
5665,778,,,,,,
5673,779,,,,,,
477,78,,,,,,
5681,780,,,,,,
5689,781,,,,,,
5697,782,,,,,,
5705,783,,,,,,
5713,784,,,,,,
5721,785,,,,,,
5729,786,,,,,,
5737,787,,,,,,
5745,788,,,,,,
5753,789,,,,,,
484,79,,,,,,
5761,790,,,,,,
5769,791,,,,,,
5777,792,,,,,,
5785,793,,,,,,
5793,794,,,,,,
5801,795,,,,,,
5809,796,,,,,,
5817,797,,,,,,
5825,798,,,,,,
5833,799,,,,,,
57,8,,,,,,
491,80,,,,,,
5841,800,,,,,,
5849,801,,,,,,
5857,802,,,,,,
5865,803,,,,,,
5873,804,,,,,,
5881,805,,,,,,
5889,806,,,,,,
5897,807,,,,,,
5905,808,,,,,,
5913,809,,,,,,
498,81,,,,,,
5921,810,,,,,,
5929,811,,,,,,
5937,812,,,,,,
5945,813,,,,,,
5953,814,,,,,,
5961,815,,,,,,
5969,816,,,,,,
5977,817,,,,,,
5985,818,,,,,,
5993,819,,,,,,
505,82,,,,,,
6001,820,,,,,,
6009,821,,,,,,
6017,822,,,,,,
6025,823,,,,,,
6033,824,,,,,,
6041,825,,,,,,
6049,826,,,,,,
6057,827,,,,,,
6065,828,,,,,,
6073,829,,,,,,
512,83,,,,,,
6081,830,,,,,,
6089,831,,,,,,
6097,832,,,,,,
6105,833,,,,,,
6113,834,,,,,,
6121,835,,,,,,
6129,836,,,,,,
6137,837,,,,,,
6145,838,,,,,,
6153,839,,,,,,
519,84,,,,,,
6161,840,,,,,,
6169,841,,,,,,
6177,842,,,,,,
6185,843,,,,,,
6193,844,,,,,,
6201,845,,,,,,
6209,846,,,,,,
6217,847,,,,,,
6225,848,,,,,,
6233,849,,,,,,
526,85,,,,,,
6241,850,,,,,,
6249,851,,,,,,
6257,852,,,,,,
6265,853,,,,,,
6273,854,,,,,,
6281,855,,,,,,
6289,856,,,,,,
6297,857,,,,,,
6305,858,,,,,,
6313,859,,,,,,
533,86,,,,,,
6321,860,,,,,,
6329,861,,,,,,
6337,862,,,,,,
6345,863,,,,,,
6353,864,,,,,,
6361,865,,,,,,
6369,866,,,,,,
6377,867,,,,,,
6385,868,,,,,,
6393,869,,,,,,
540,87,,,,,,
6401,870,,,,,,
6409,871,,,,,,
6417,872,,,,,,
6425,873,,,,,,
6433,874,,,,,,
6441,875,,,,,,
6449,876,,,,,,
6457,877,,,,,,
6465,878,,,,,,
6473,879,,,,,,
547,88,,,,,,
6481,880,,,,,,
6489,881,,,,,,
6497,882,,,,,,
6505,883,,,,,,
6513,884,,,,,,
6521,885,,,,,,
6529,886,,,,,,
6537,887,,,,,,
6545,888,,,,,,
6553,889,,,,,,
554,89,,,,,,
6561,890,,,,,,
6569,891,,,,,,
6577,892,,,,,,
6585,893,,,,,,
6593,894,,,,,,
6601,895,,,,,,
6609,896,,,,,,
6617,897,,,,,,
6625,898,,,,,,
6633,899,,,,,,
64,9,,,,,,
561,90,,,,,,
6641,900,,,,,,
6649,901,,,,,,
6657,902,,,,,,
6665,903,,,,,,
6673,904,,,,,,
6681,905,,,,,,
6689,906,,,,,,
6697,907,,,,,,
6705,908,,,,,,
6713,909,,,,,,
568,91,,,,,,
6721,910,,,,,,
6729,911,,,,,,
6737,912,,,,,,
6745,913,,,,,,
6753,914,,,,,,
6761,915,,,,,,
6769,916,,,,,,
6777,917,,,,,,
6785,918,,,,,,
6793,919,,,,,,
575,92,,,,,,
6801,920,,,,,,
6809,921,,,,,,
6817,922,,,,,,
6825,923,,,,,,
6833,924,,,,,,
6841,925,,,,,,
6849,926,,,,,,
6857,927,,,,,,
6865,928,,,,,,
6873,929,,,,,,
582,93,,,,,,
6881,930,,,,,,
6889,931,,,,,,
6897,932,,,,,,
6905,933,,,,,,
6913,934,,,,,,
6921,935,,,,,,
6929,936,,,,,,
6937,937,,,,,,
6945,938,,,,,,
6953,939,,,,,,
589,94,,,,,,
6961,940,,,,,,
6969,941,,,,,,
6977,942,,,,,,
6985,943,,,,,,
6993,944,,,,,,
7001,945,,,,,,
7009,946,,,,,,
7017,947,,,,,,
7025,948,,,,,,
7033,949,,,,,,
596,95,,,,,,
7041,950,,,,,,
7049,951,,,,,,
7057,952,,,,,,
7065,953,,,,,,
7073,954,,,,,,
7081,955,,,,,,
7089,956,,,,,,
7097,957,,,,,,
7105,958,,,,,,
7113,959,,,,,,
603,96,,,,,,
7121,960,,,,,,
7129,961,,,,,,
7137,962,,,,,,
7145,963,,,,,,
7153,964,,,,,,
7161,965,,,,,,
7169,966,,,,,,
7177,967,,,,,,
7185,968,,,,,,
7193,969,,,,,,
610,97,,,,,,
617,98,,,,,,
624,99,,,,,,
3,,,base1,,,,
4,,,,,a,,
5,,,,,,normal,
6,,,,,,,beso
10,,,base1,,,,
11,,,,,a,,
12,,,,,,normal,
13,,,,,,,jito
17,,,base1,,,,
18,,,,,a,,
19,,,,,,normal,
20,,,,,,,normal
24,,,base1,,,,
25,,,,,a,,
26,,,,,,normal,
27,,,,,,,smile
31,,,base1,,,,
32,,,,,a,,
33,,,,,,normal,
34,,,,,,,toji
38,,,base1,,,,
39,,,,,a,,
40,,,,,,oko,
41,,,,,,,beso
45,,,base1,,,,
46,,,,,a,,
47,,,,,,oko,
48,,,,,,,jito
52,,,base1,,,,
53,,,,,a,,
54,,,,,,oko,
55,,,,,,,normal
59,,,base1,,,,
60,,,,,a,,
61,,,,,,oko,
62,,,,,,,smile
66,,,base1,,,,
67,,,,,a,,
68,,,,,,oko,
69,,,,,,,toji
73,,,base1,,,,
74,,,,,a,,
75,,,,,,sad,
76,,,,,,,beso
80,,,base1,,,,
81,,,,,a,,
82,,,,,,sad,
83,,,,,,,jito
87,,,base1,,,,
88,,,,,a,,
89,,,,,,sad,
90,,,,,,,normal
94,,,base1,,,,
95,,,,,a,,
96,,,,,,sad,
97,,,,,,,smile
101,,,base1,,,,
102,,,,,a,,
103,,,,,,sad,
104,,,,,,,toji
108,,,base1,,,,
109,,,,,a,,
110,,,,,,syobon,
111,,,,,,,beso
115,,,base1,,,,
116,,,,,a,,
117,,,,,,syobon,
118,,,,,,,jito
122,,,base1,,,,
123,,,,,a,,
124,,,,,,syobon,
125,,,,,,,normal
129,,,base1,,,,
130,,,,,a,,
131,,,,,,syobon,
132,,,,,,,smile
136,,,base1,,,,
137,,,,,a,,
138,,,,,,syobon,
139,,,,,,,toji
143,,,base1,,,,
144,,,,,a2,,
145,,,,,,normal,
146,,,,,,,beso
150,,,base1,,,,
151,,,,,a2,,
152,,,,,,normal,
153,,,,,,,jito
157,,,base1,,,,
158,,,,,a2,,
159,,,,,,normal,
160,,,,,,,normal
164,,,base1,,,,
165,,,,,a2,,
166,,,,,,normal,
167,,,,,,,smile
171,,,base1,,,,
172,,,,,a2,,
173,,,,,,normal,
174,,,,,,,toji
178,,,base1,,,,
179,,,,,a2,,
180,,,,,,oko,
181,,,,,,,beso
185,,,base1,,,,
186,,,,,a2,,
187,,,,,,oko,
188,,,,,,,jito
192,,,base1,,,,
193,,,,,a2,,
194,,,,,,oko,
195,,,,,,,normal
199,,,base1,,,,
200,,,,,a2,,
201,,,,,,oko,
202,,,,,,,smile
206,,,base1,,,,
207,,,,,a2,,
208,,,,,,oko,
209,,,,,,,toji
213,,,base1,,,,
214,,,,,a2,,
215,,,,,,sad,
216,,,,,,,beso
220,,,base1,,,,
221,,,,,a2,,
222,,,,,,sad,
223,,,,,,,jito
227,,,base1,,,,
228,,,,,a2,,
229,,,,,,sad,
230,,,,,,,normal
234,,,base1,,,,
235,,,,,a2,,
236,,,,,,sad,
237,,,,,,,smile
241,,,base1,,,,
242,,,,,a2,,
243,,,,,,sad,
244,,,,,,,toji
248,,,base1,,,,
249,,,,,a2,,
250,,,,,,syobon,
251,,,,,,,beso
255,,,base1,,,,
256,,,,,a2,,
257,,,,,,syobon,
258,,,,,,,jito
262,,,base1,,,,
263,,,,,a2,,
264,,,,,,syobon,
265,,,,,,,normal
269,,,base1,,,,
270,,,,,a2,,
271,,,,,,syobon,
272,,,,,,,smile
276,,,base1,,,,
277,,,,,a2,,
278,,,,,,syobon,
279,,,,,,,toji
283,,,base1,,,,
284,,,,,e,,
285,,,,,,normal,
286,,,,,,,beso
290,,,base1,,,,
291,,,,,e,,
292,,,,,,normal,
293,,,,,,,jito
297,,,base1,,,,
298,,,,,e,,
299,,,,,,normal,
300,,,,,,,normal
304,,,base1,,,,
305,,,,,e,,
306,,,,,,normal,
307,,,,,,,smile
311,,,base1,,,,
312,,,,,e,,
313,,,,,,normal,
314,,,,,,,toji
318,,,base1,,,,
319,,,,,e,,
320,,,,,,oko,
321,,,,,,,beso
325,,,base1,,,,
326,,,,,e,,
327,,,,,,oko,
328,,,,,,,jito
332,,,base1,,,,
333,,,,,e,,
334,,,,,,oko,
335,,,,,,,normal
339,,,base1,,,,
340,,,,,e,,
341,,,,,,oko,
342,,,,,,,smile
346,,,base1,,,,
347,,,,,e,,
348,,,,,,oko,
349,,,,,,,toji
353,,,base1,,,,
354,,,,,e,,
355,,,,,,sad,
356,,,,,,,beso
360,,,base1,,,,
361,,,,,e,,
362,,,,,,sad,
363,,,,,,,jito
367,,,base1,,,,
368,,,,,e,,
369,,,,,,sad,
370,,,,,,,normal
374,,,base1,,,,
375,,,,,e,,
376,,,,,,sad,
377,,,,,,,smile
381,,,base1,,,,
382,,,,,e,,
383,,,,,,sad,
384,,,,,,,toji
388,,,base1,,,,
389,,,,,e,,
390,,,,,,syobon,
391,,,,,,,beso
395,,,base1,,,,
396,,,,,e,,
397,,,,,,syobon,
398,,,,,,,jito
402,,,base1,,,,
403,,,,,e,,
404,,,,,,syobon,
405,,,,,,,normal
409,,,base1,,,,
410,,,,,e,,
411,,,,,,syobon,
412,,,,,,,smile
416,,,base1,,,,
417,,,,,e,,
418,,,,,,syobon,
419,,,,,,,toji
423,,,base1,,,,
424,,,,,i,,
425,,,,,,normal,
426,,,,,,,beso
430,,,base1,,,,
431,,,,,i,,
432,,,,,,normal,
433,,,,,,,jito
437,,,base1,,,,
438,,,,,i,,
439,,,,,,normal,
440,,,,,,,normal
444,,,base1,,,,
445,,,,,i,,
446,,,,,,normal,
447,,,,,,,smile
451,,,base1,,,,
452,,,,,i,,
453,,,,,,normal,
454,,,,,,,toji
458,,,base1,,,,
459,,,,,i,,
460,,,,,,oko,
461,,,,,,,beso
465,,,base1,,,,
466,,,,,i,,
467,,,,,,oko,
468,,,,,,,jito
472,,,base1,,,,
473,,,,,i,,
474,,,,,,oko,
475,,,,,,,normal
479,,,base1,,,,
480,,,,,i,,
481,,,,,,oko,
482,,,,,,,smile
486,,,base1,,,,
487,,,,,i,,
488,,,,,,oko,
489,,,,,,,toji
493,,,base1,,,,
494,,,,,i,,
495,,,,,,sad,
496,,,,,,,beso
500,,,base1,,,,
501,,,,,i,,
502,,,,,,sad,
503,,,,,,,jito
507,,,base1,,,,
508,,,,,i,,
509,,,,,,sad,
510,,,,,,,normal
514,,,base1,,,,
515,,,,,i,,
516,,,,,,sad,
517,,,,,,,smile
521,,,base1,,,,
522,,,,,i,,
523,,,,,,sad,
524,,,,,,,toji
528,,,base1,,,,
529,,,,,i,,
530,,,,,,syobon,
531,,,,,,,beso
535,,,base1,,,,
536,,,,,i,,
537,,,,,,syobon,
538,,,,,,,jito
542,,,base1,,,,
543,,,,,i,,
544,,,,,,syobon,
545,,,,,,,normal
549,,,base1,,,,
550,,,,,i,,
551,,,,,,syobon,
552,,,,,,,smile
556,,,base1,,,,
557,,,,,i,,
558,,,,,,syobon,
559,,,,,,,toji
563,,,base1,,,,
564,,,,,i2,,
565,,,,,,normal,
566,,,,,,,beso
570,,,base1,,,,
571,,,,,i2,,
572,,,,,,normal,
573,,,,,,,jito
577,,,base1,,,,
578,,,,,i2,,
579,,,,,,normal,
580,,,,,,,normal
584,,,base1,,,,
585,,,,,i2,,
586,,,,,,normal,
587,,,,,,,smile
591,,,base1,,,,
592,,,,,i2,,
593,,,,,,normal,
594,,,,,,,toji
598,,,base1,,,,
599,,,,,i2,,
600,,,,,,oko,
601,,,,,,,beso
605,,,base1,,,,
606,,,,,i2,,
607,,,,,,oko,
608,,,,,,,jito
612,,,base1,,,,
613,,,,,i2,,
614,,,,,,oko,
615,,,,,,,normal
619,,,base1,,,,
620,,,,,i2,,
621,,,,,,oko,
622,,,,,,,smile
626,,,base1,,,,
627,,,,,i2,,
628,,,,,,oko,
629,,,,,,,toji
633,,,base1,,,,
634,,,,,i2,,
635,,,,,,sad,
636,,,,,,,beso
640,,,base1,,,,
641,,,,,i2,,
642,,,,,,sad,
643,,,,,,,jito
647,,,base1,,,,
648,,,,,i2,,
649,,,,,,sad,
650,,,,,,,normal
654,,,base1,,,,
655,,,,,i2,,
656,,,,,,sad,
657,,,,,,,smile
661,,,base1,,,,
662,,,,,i2,,
663,,,,,,sad,
664,,,,,,,toji
668,,,base1,,,,
669,,,,,i2,,
670,,,,,,syobon,
671,,,,,,,beso
675,,,base1,,,,
676,,,,,i2,,
677,,,,,,syobon,
678,,,,,,,jito
682,,,base1,,,,
683,,,,,i2,,
684,,,,,,syobon,
685,,,,,,,normal
689,,,base1,,,,
690,,,,,i2,,
691,,,,,,syobon,
692,,,,,,,smile
696,,,base1,,,,
697,,,,,i2,,
698,,,,,,syobon,
699,,,,,,,toji
703,,,base1,,,,
704,,,,,mu,,
705,,,,,,normal,
706,,,,,,,beso
710,,,base1,,,,
711,,,,,mu,,
712,,,,,,normal,
713,,,,,,,jito
717,,,base1,,,,
718,,,,,mu,,
719,,,,,,normal,
720,,,,,,,normal
724,,,base1,,,,
725,,,,,mu,,
726,,,,,,normal,
727,,,,,,,smile
731,,,base1,,,,
732,,,,,mu,,
733,,,,,,normal,
734,,,,,,,toji
738,,,base1,,,,
739,,,,,mu,,
740,,,,,,oko,
741,,,,,,,beso
745,,,base1,,,,
746,,,,,mu,,
747,,,,,,oko,
748,,,,,,,jito
752,,,base1,,,,
753,,,,,mu,,
754,,,,,,oko,
755,,,,,,,normal
759,,,base1,,,,
760,,,,,mu,,
761,,,,,,oko,
762,,,,,,,smile
766,,,base1,,,,
767,,,,,mu,,
768,,,,,,oko,
769,,,,,,,toji
773,,,base1,,,,
774,,,,,mu,,
775,,,,,,sad,
776,,,,,,,beso
780,,,base1,,,,
781,,,,,mu,,
782,,,,,,sad,
783,,,,,,,jito
787,,,base1,,,,
788,,,,,mu,,
789,,,,,,sad,
790,,,,,,,normal
794,,,base1,,,,
795,,,,,mu,,
796,,,,,,sad,
797,,,,,,,smile
801,,,base1,,,,
802,,,,,mu,,
803,,,,,,sad,
804,,,,,,,toji
808,,,base1,,,,
809,,,,,mu,,
810,,,,,,syobon,
811,,,,,,,beso
815,,,base1,,,,
816,,,,,mu,,
817,,,,,,syobon,
818,,,,,,,jito
822,,,base1,,,,
823,,,,,mu,,
824,,,,,,syobon,
825,,,,,,,normal
829,,,base1,,,,
830,,,,,mu,,
831,,,,,,syobon,
832,,,,,,,smile
836,,,base1,,,,
837,,,,,mu,,
838,,,,,,syobon,
839,,,,,,,toji
843,,,base1,,,,
844,,,,,n,,
845,,,,,,normal,
846,,,,,,,beso
850,,,base1,,,,
851,,,,,n,,
852,,,,,,normal,
853,,,,,,,jito
857,,,base1,,,,
858,,,,,n,,
859,,,,,,normal,
860,,,,,,,normal
864,,,base1,,,,
865,,,,,n,,
866,,,,,,normal,
867,,,,,,,smile
871,,,base1,,,,
872,,,,,n,,
873,,,,,,normal,
874,,,,,,,toji
878,,,base1,,,,
879,,,,,n,,
880,,,,,,oko,
881,,,,,,,beso
885,,,base1,,,,
886,,,,,n,,
887,,,,,,oko,
888,,,,,,,jito
892,,,base1,,,,
893,,,,,n,,
894,,,,,,oko,
895,,,,,,,normal
899,,,base1,,,,
900,,,,,n,,
901,,,,,,oko,
902,,,,,,,smile
906,,,base1,,,,
907,,,,,n,,
908,,,,,,oko,
909,,,,,,,toji
913,,,base1,,,,
914,,,,,n,,
915,,,,,,sad,
916,,,,,,,beso
920,,,base1,,,,
921,,,,,n,,
922,,,,,,sad,
923,,,,,,,jito
927,,,base1,,,,
928,,,,,n,,
929,,,,,,sad,
930,,,,,,,normal
934,,,base1,,,,
935,,,,,n,,
936,,,,,,sad,
937,,,,,,,smile
941,,,base1,,,,
942,,,,,n,,
943,,,,,,sad,
944,,,,,,,toji
948,,,base1,,,,
949,,,,,n,,
950,,,,,,syobon,
951,,,,,,,beso
955,,,base1,,,,
956,,,,,n,,
957,,,,,,syobon,
958,,,,,,,jito
962,,,base1,,,,
963,,,,,n,,
964,,,,,,syobon,
965,,,,,,,normal
969,,,base1,,,,
970,,,,,n,,
971,,,,,,syobon,
972,,,,,,,smile
976,,,base1,,,,
977,,,,,n,,
978,,,,,,syobon,
979,,,,,,,toji
983,,,base1,,,,
984,,,,,niko,,
985,,,,,,normal,
986,,,,,,,beso
990,,,base1,,,,
991,,,,,niko,,
992,,,,,,normal,
993,,,,,,,jito
997,,,base1,,,,
998,,,,,niko,,
999,,,,,,normal,
1000,,,,,,,normal
1004,,,base1,,,,
1005,,,,,niko,,
1006,,,,,,normal,
1007,,,,,,,smile
1011,,,base1,,,,
1012,,,,,niko,,
1013,,,,,,normal,
1014,,,,,,,toji
1018,,,base1,,,,
1019,,,,,niko,,
1020,,,,,,oko,
1021,,,,,,,beso
1025,,,base1,,,,
1026,,,,,niko,,
1027,,,,,,oko,
1028,,,,,,,jito
1032,,,base1,,,,
1033,,,,,niko,,
1034,,,,,,oko,
1035,,,,,,,normal
1039,,,base1,,,,
1040,,,,,niko,,
1041,,,,,,oko,
1042,,,,,,,smile
1046,,,base1,,,,
1047,,,,,niko,,
1048,,,,,,oko,
1049,,,,,,,toji
1053,,,base1,,,,
1054,,,,,niko,,
1055,,,,,,sad,
1056,,,,,,,beso
1060,,,base1,,,,
1061,,,,,niko,,
1062,,,,,,sad,
1063,,,,,,,jito
1067,,,base1,,,,
1068,,,,,niko,,
1069,,,,,,sad,
1070,,,,,,,normal
1074,,,base1,,,,
1075,,,,,niko,,
1076,,,,,,sad,
1077,,,,,,,smile
1081,,,base1,,,,
1082,,,,,niko,,
1083,,,,,,sad,
1084,,,,,,,toji
1088,,,base1,,,,
1089,,,,,niko,,
1090,,,,,,syobon,
1091,,,,,,,beso
1095,,,base1,,,,
1096,,,,,niko,,
1097,,,,,,syobon,
1098,,,,,,,jito
1102,,,base1,,,,
1103,,,,,niko,,
1104,,,,,,syobon,
1105,,,,,,,normal
1109,,,base1,,,,
1110,,,,,niko,,
1111,,,,,,syobon,
1112,,,,,,,smile
1116,,,base1,,,,
1117,,,,,niko,,
1118,,,,,,syobon,
1119,,,,,,,toji
1123,,,base1,,,,
1124,,,,,o,,
1125,,,,,,normal,
1126,,,,,,,beso
1130,,,base1,,,,
1131,,,,,o,,
1132,,,,,,normal,
1133,,,,,,,jito
1137,,,base1,,,,
1138,,,,,o,,
1139,,,,,,normal,
1140,,,,,,,normal
1144,,,base1,,,,
1145,,,,,o,,
1146,,,,,,normal,
1147,,,,,,,smile
1151,,,base1,,,,
1152,,,,,o,,
1153,,,,,,normal,
1154,,,,,,,toji
1158,,,base1,,,,
1159,,,,,o,,
1160,,,,,,oko,
1161,,,,,,,beso
1165,,,base1,,,,
1166,,,,,o,,
1167,,,,,,oko,
1168,,,,,,,jito
1172,,,base1,,,,
1173,,,,,o,,
1174,,,,,,oko,
1175,,,,,,,normal
1179,,,base1,,,,
1180,,,,,o,,
1181,,,,,,oko,
1182,,,,,,,smile
1186,,,base1,,,,
1187,,,,,o,,
1188,,,,,,oko,
1189,,,,,,,toji
1193,,,base1,,,,
1194,,,,,o,,
1195,,,,,,sad,
1196,,,,,,,beso
1200,,,base1,,,,
1201,,,,,o,,
1202,,,,,,sad,
1203,,,,,,,jito
1207,,,base1,,,,
1208,,,,,o,,
1209,,,,,,sad,
1210,,,,,,,normal
1214,,,base1,,,,
1215,,,,,o,,
1216,,,,,,sad,
1217,,,,,,,smile
1221,,,base1,,,,
1222,,,,,o,,
1223,,,,,,sad,
1224,,,,,,,toji
1228,,,base1,,,,
1229,,,,,o,,
1230,,,,,,syobon,
1231,,,,,,,beso
1235,,,base1,,,,
1236,,,,,o,,
1237,,,,,,syobon,
1238,,,,,,,jito
1242,,,base1,,,,
1243,,,,,o,,
1244,,,,,,syobon,
1245,,,,,,,normal
1249,,,base1,,,,
1250,,,,,o,,
1251,,,,,,syobon,
1252,,,,,,,smile
1256,,,base1,,,,
1257,,,,,o,,
1258,,,,,,syobon,
1259,,,,,,,toji
1263,,,base1,,,,
1264,,,,,oo,,
1265,,,,,,normal,
1266,,,,,,,beso
1270,,,base1,,,,
1271,,,,,oo,,
1272,,,,,,normal,
1273,,,,,,,jito
1277,,,base1,,,,
1278,,,,,oo,,
1279,,,,,,normal,
1280,,,,,,,normal
1284,,,base1,,,,
1285,,,,,oo,,
1286,,,,,,normal,
1287,,,,,,,smile
1291,,,base1,,,,
1292,,,,,oo,,
1293,,,,,,normal,
1294,,,,,,,toji
1298,,,base1,,,,
1299,,,,,oo,,
1300,,,,,,oko,
1301,,,,,,,beso
1305,,,base1,,,,
1306,,,,,oo,,
1307,,,,,,oko,
1308,,,,,,,jito
1312,,,base1,,,,
1313,,,,,oo,,
1314,,,,,,oko,
1315,,,,,,,normal
1319,,,base1,,,,
1320,,,,,oo,,
1321,,,,,,oko,
1322,,,,,,,smile
1326,,,base1,,,,
1327,,,,,oo,,
1328,,,,,,oko,
1329,,,,,,,toji
1333,,,base1,,,,
1334,,,,,oo,,
1335,,,,,,sad,
1336,,,,,,,beso
1340,,,base1,,,,
1341,,,,,oo,,
1342,,,,,,sad,
1343,,,,,,,jito
1347,,,base1,,,,
1348,,,,,oo,,
1349,,,,,,sad,
1350,,,,,,,normal
1354,,,base1,,,,
1355,,,,,oo,,
1356,,,,,,sad,
1357,,,,,,,smile
1361,,,base1,,,,
1362,,,,,oo,,
1363,,,,,,sad,
1364,,,,,,,toji
1368,,,base1,,,,
1369,,,,,oo,,
1370,,,,,,syobon,
1371,,,,,,,beso
1375,,,base1,,,,
1376,,,,,oo,,
1377,,,,,,syobon,
1378,,,,,,,jito
1382,,,base1,,,,
1383,,,,,oo,,
1384,,,,,,syobon,
1385,,,,,,,normal
1389,,,base1,,,,
1390,,,,,oo,,
1391,,,,,,syobon,
1392,,,,,,,smile
1396,,,base1,,,,
1397,,,,,oo,,
1398,,,,,,syobon,
1399,,,,,,,toji
1403,,,base1,,,,
1404,,,,,shock,,
1405,,,,,,normal,
1406,,,,,,,beso
1410,,,base1,,,,
1411,,,,,shock,,
1412,,,,,,normal,
1413,,,,,,,jito
1417,,,base1,,,,
1418,,,,,shock,,
1419,,,,,,normal,
1420,,,,,,,normal
1424,,,base1,,,,
1425,,,,,shock,,
1426,,,,,,normal,
1427,,,,,,,smile
1431,,,base1,,,,
1432,,,,,shock,,
1433,,,,,,normal,
1434,,,,,,,toji
1438,,,base1,,,,
1439,,,,,shock,,
1440,,,,,,oko,
1441,,,,,,,beso
1445,,,base1,,,,
1446,,,,,shock,,
1447,,,,,,oko,
1448,,,,,,,jito
1452,,,base1,,,,
1453,,,,,shock,,
1454,,,,,,oko,
1455,,,,,,,normal
1459,,,base1,,,,
1460,,,,,shock,,
1461,,,,,,oko,
1462,,,,,,,smile
1466,,,base1,,,,
1467,,,,,shock,,
1468,,,,,,oko,
1469,,,,,,,toji
1473,,,base1,,,,
1474,,,,,shock,,
1475,,,,,,sad,
1476,,,,,,,beso
1480,,,base1,,,,
1481,,,,,shock,,
1482,,,,,,sad,
1483,,,,,,,jito
1487,,,base1,,,,
1488,,,,,shock,,
1489,,,,,,sad,
1490,,,,,,,normal
1494,,,base1,,,,
1495,,,,,shock,,
1496,,,,,,sad,
1497,,,,,,,smile
1501,,,base1,,,,
1502,,,,,shock,,
1503,,,,,,sad,
1504,,,,,,,toji
1508,,,base1,,,,
1509,,,,,shock,,
1510,,,,,,syobon,
1511,,,,,,,beso
1515,,,base1,,,,
1516,,,,,shock,,
1517,,,,,,syobon,
1518,,,,,,,jito
1522,,,base1,,,,
1523,,,,,shock,,
1524,,,,,,syobon,
1525,,,,,,,normal
1529,,,base1,,,,
1530,,,,,shock,,
1531,,,,,,syobon,
1532,,,,,,,smile
1536,,,base1,,,,
1537,,,,,shock,,
1538,,,,,,syobon,
1539,,,,,,,toji
1543,,,base1,,,,
1544,,,,,wa,,
1545,,,,,,normal,
1546,,,,,,,beso
1550,,,base1,,,,
1551,,,,,wa,,
1552,,,,,,normal,
1553,,,,,,,jito
1557,,,base1,,,,
1558,,,,,wa,,
1559,,,,,,normal,
1560,,,,,,,normal
1564,,,base1,,,,
1565,,,,,wa,,
1566,,,,,,normal,
1567,,,,,,,smile
1571,,,base1,,,,
1572,,,,,wa,,
1573,,,,,,normal,
1574,,,,,,,toji
1578,,,base1,,,,
1579,,,,,wa,,
1580,,,,,,oko,
1581,,,,,,,beso
1585,,,base1,,,,
1586,,,,,wa,,
1587,,,,,,oko,
1588,,,,,,,jito
1592,,,base1,,,,
1593,,,,,wa,,
1594,,,,,,oko,
1595,,,,,,,normal
1599,,,base1,,,,
1600,,,,,wa,,
1601,,,,,,oko,
1602,,,,,,,smile
1606,,,base1,,,,
1607,,,,,wa,,
1608,,,,,,oko,
1609,,,,,,,toji
1613,,,base1,,,,
1614,,,,,wa,,
1615,,,,,,sad,
1616,,,,,,,beso
1620,,,base1,,,,
1621,,,,,wa,,
1622,,,,,,sad,
1623,,,,,,,jito
1627,,,base1,,,,
1628,,,,,wa,,
1629,,,,,,sad,
1630,,,,,,,normal
1634,,,base1,,,,
1635,,,,,wa,,
1636,,,,,,sad,
1637,,,,,,,smile
1641,,,base1,,,,
1642,,,,,wa,,
1643,,,,,,sad,
1644,,,,,,,toji
1648,,,base1,,,,
1649,,,,,wa,,
1650,,,,,,syobon,
1651,,,,,,,beso
1655,,,base1,,,,
1656,,,,,wa,,
1657,,,,,,syobon,
1658,,,,,,,jito
1662,,,base1,,,,
1663,,,,,wa,,
1664,,,,,,syobon,
1665,,,,,,,normal
1669,,,base1,,,,
1670,,,,,wa,,
1671,,,,,,syobon,
1672,,,,,,,smile
1676,,,base1,,,,
1677,,,,,wa,,
1678,,,,,,syobon,
1679,,,,,,,toji
1683,,,base1,,,,
1684,,,,cheek,,,
1685,,,,,a,,
1686,,,,,,normal,
1687,,,,,,,beso
1691,,,base1,,,,
1692,,,,cheek,,,
1693,,,,,a,,
1694,,,,,,normal,
1695,,,,,,,jito
1699,,,base1,,,,
1700,,,,cheek,,,
1701,,,,,a,,
1702,,,,,,normal,
1703,,,,,,,normal
1707,,,base1,,,,
1708,,,,cheek,,,
1709,,,,,a,,
1710,,,,,,normal,
1711,,,,,,,smile
1715,,,base1,,,,
1716,,,,cheek,,,
1717,,,,,a,,
1718,,,,,,normal,
1719,,,,,,,toji
1723,,,base1,,,,
1724,,,,cheek,,,
1725,,,,,a,,
1726,,,,,,oko,
1727,,,,,,,beso
1731,,,base1,,,,
1732,,,,cheek,,,
1733,,,,,a,,
1734,,,,,,oko,
1735,,,,,,,jito
1739,,,base1,,,,
1740,,,,cheek,,,
1741,,,,,a,,
1742,,,,,,oko,
1743,,,,,,,normal
1747,,,base1,,,,
1748,,,,cheek,,,
1749,,,,,a,,
1750,,,,,,oko,
1751,,,,,,,smile
1755,,,base1,,,,
1756,,,,cheek,,,
1757,,,,,a,,
1758,,,,,,oko,
1759,,,,,,,toji
1763,,,base1,,,,
1764,,,,cheek,,,
1765,,,,,a,,
1766,,,,,,sad,
1767,,,,,,,beso
1771,,,base1,,,,
1772,,,,cheek,,,
1773,,,,,a,,
1774,,,,,,sad,
1775,,,,,,,jito
1779,,,base1,,,,
1780,,,,cheek,,,
1781,,,,,a,,
1782,,,,,,sad,
1783,,,,,,,normal
1787,,,base1,,,,
1788,,,,cheek,,,
1789,,,,,a,,
1790,,,,,,sad,
1791,,,,,,,smile
1795,,,base1,,,,
1796,,,,cheek,,,
1797,,,,,a,,
1798,,,,,,sad,
1799,,,,,,,toji
1803,,,base1,,,,
1804,,,,cheek,,,
1805,,,,,a,,
1806,,,,,,syobon,
1807,,,,,,,beso
1811,,,base1,,,,
1812,,,,cheek,,,
1813,,,,,a,,
1814,,,,,,syobon,
1815,,,,,,,jito
1819,,,base1,,,,
1820,,,,cheek,,,
1821,,,,,a,,
1822,,,,,,syobon,
1823,,,,,,,normal
1827,,,base1,,,,
1828,,,,cheek,,,
1829,,,,,a,,
1830,,,,,,syobon,
1831,,,,,,,smile
1835,,,base1,,,,
1836,,,,cheek,,,
1837,,,,,a,,
1838,,,,,,syobon,
1839,,,,,,,toji
1843,,,base1,,,,
1844,,,,cheek,,,
1845,,,,,a2,,
1846,,,,,,normal,
1847,,,,,,,beso
1851,,,base1,,,,
1852,,,,cheek,,,
1853,,,,,a2,,
1854,,,,,,normal,
1855,,,,,,,jito
1859,,,base1,,,,
1860,,,,cheek,,,
1861,,,,,a2,,
1862,,,,,,normal,
1863,,,,,,,normal
1867,,,base1,,,,
1868,,,,cheek,,,
1869,,,,,a2,,
1870,,,,,,normal,
1871,,,,,,,smile
1875,,,base1,,,,
1876,,,,cheek,,,
1877,,,,,a2,,
1878,,,,,,normal,
1879,,,,,,,toji
1883,,,base1,,,,
1884,,,,cheek,,,
1885,,,,,a2,,
1886,,,,,,oko,
1887,,,,,,,beso
1891,,,base1,,,,
1892,,,,cheek,,,
1893,,,,,a2,,
1894,,,,,,oko,
1895,,,,,,,jito
1899,,,base1,,,,
1900,,,,cheek,,,
1901,,,,,a2,,
1902,,,,,,oko,
1903,,,,,,,normal
1907,,,base1,,,,
1908,,,,cheek,,,
1909,,,,,a2,,
1910,,,,,,oko,
1911,,,,,,,smile
1915,,,base1,,,,
1916,,,,cheek,,,
1917,,,,,a2,,
1918,,,,,,oko,
1919,,,,,,,toji
1923,,,base1,,,,
1924,,,,cheek,,,
1925,,,,,a2,,
1926,,,,,,sad,
1927,,,,,,,beso
1931,,,base1,,,,
1932,,,,cheek,,,
1933,,,,,a2,,
1934,,,,,,sad,
1935,,,,,,,jito
1939,,,base1,,,,
1940,,,,cheek,,,
1941,,,,,a2,,
1942,,,,,,sad,
1943,,,,,,,normal
1947,,,base1,,,,
1948,,,,cheek,,,
1949,,,,,a2,,
1950,,,,,,sad,
1951,,,,,,,smile
1955,,,base1,,,,
1956,,,,cheek,,,
1957,,,,,a2,,
1958,,,,,,sad,
1959,,,,,,,toji
1963,,,base1,,,,
1964,,,,cheek,,,
1965,,,,,a2,,
1966,,,,,,syobon,
1967,,,,,,,beso
1971,,,base1,,,,
1972,,,,cheek,,,
1973,,,,,a2,,
1974,,,,,,syobon,
1975,,,,,,,jito
1979,,,base1,,,,
1980,,,,cheek,,,
1981,,,,,a2,,
1982,,,,,,syobon,
1983,,,,,,,normal
1987,,,base1,,,,
1988,,,,cheek,,,
1989,,,,,a2,,
1990,,,,,,syobon,
1991,,,,,,,smile
1995,,,base1,,,,
1996,,,,cheek,,,
1997,,,,,a2,,
1998,,,,,,syobon,
1999,,,,,,,toji
2003,,,base1,,,,
2004,,,,cheek,,,
2005,,,,,e,,
2006,,,,,,normal,
2007,,,,,,,beso
2011,,,base1,,,,
2012,,,,cheek,,,
2013,,,,,e,,
2014,,,,,,normal,
2015,,,,,,,jito
2019,,,base1,,,,
2020,,,,cheek,,,
2021,,,,,e,,
2022,,,,,,normal,
2023,,,,,,,normal
2027,,,base1,,,,
2028,,,,cheek,,,
2029,,,,,e,,
2030,,,,,,normal,
2031,,,,,,,smile
2035,,,base1,,,,
2036,,,,cheek,,,
2037,,,,,e,,
2038,,,,,,normal,
2039,,,,,,,toji
2043,,,base1,,,,
2044,,,,cheek,,,
2045,,,,,e,,
2046,,,,,,oko,
2047,,,,,,,beso
2051,,,base1,,,,
2052,,,,cheek,,,
2053,,,,,e,,
2054,,,,,,oko,
2055,,,,,,,jito
2059,,,base1,,,,
2060,,,,cheek,,,
2061,,,,,e,,
2062,,,,,,oko,
2063,,,,,,,normal
2067,,,base1,,,,
2068,,,,cheek,,,
2069,,,,,e,,
2070,,,,,,oko,
2071,,,,,,,smile
2075,,,base1,,,,
2076,,,,cheek,,,
2077,,,,,e,,
2078,,,,,,oko,
2079,,,,,,,toji
2083,,,base1,,,,
2084,,,,cheek,,,
2085,,,,,e,,
2086,,,,,,sad,
2087,,,,,,,beso
2091,,,base1,,,,
2092,,,,cheek,,,
2093,,,,,e,,
2094,,,,,,sad,
2095,,,,,,,jito
2099,,,base1,,,,
2100,,,,cheek,,,
2101,,,,,e,,
2102,,,,,,sad,
2103,,,,,,,normal
2107,,,base1,,,,
2108,,,,cheek,,,
2109,,,,,e,,
2110,,,,,,sad,
2111,,,,,,,smile
2115,,,base1,,,,
2116,,,,cheek,,,
2117,,,,,e,,
2118,,,,,,sad,
2119,,,,,,,toji
2123,,,base1,,,,
2124,,,,cheek,,,
2125,,,,,e,,
2126,,,,,,syobon,
2127,,,,,,,beso
2131,,,base1,,,,
2132,,,,cheek,,,
2133,,,,,e,,
2134,,,,,,syobon,
2135,,,,,,,jito
2139,,,base1,,,,
2140,,,,cheek,,,
2141,,,,,e,,
2142,,,,,,syobon,
2143,,,,,,,normal
2147,,,base1,,,,
2148,,,,cheek,,,
2149,,,,,e,,
2150,,,,,,syobon,
2151,,,,,,,smile
2155,,,base1,,,,
2156,,,,cheek,,,
2157,,,,,e,,
2158,,,,,,syobon,
2159,,,,,,,toji
2163,,,base1,,,,
2164,,,,cheek,,,
2165,,,,,i,,
2166,,,,,,normal,
2167,,,,,,,beso
2171,,,base1,,,,
2172,,,,cheek,,,
2173,,,,,i,,
2174,,,,,,normal,
2175,,,,,,,jito
2179,,,base1,,,,
2180,,,,cheek,,,
2181,,,,,i,,
2182,,,,,,normal,
2183,,,,,,,normal
2187,,,base1,,,,
2188,,,,cheek,,,
2189,,,,,i,,
2190,,,,,,normal,
2191,,,,,,,smile
2195,,,base1,,,,
2196,,,,cheek,,,
2197,,,,,i,,
2198,,,,,,normal,
2199,,,,,,,toji
2203,,,base1,,,,
2204,,,,cheek,,,
2205,,,,,i,,
2206,,,,,,oko,
2207,,,,,,,beso
2211,,,base1,,,,
2212,,,,cheek,,,
2213,,,,,i,,
2214,,,,,,oko,
2215,,,,,,,jito
2219,,,base1,,,,
2220,,,,cheek,,,
2221,,,,,i,,
2222,,,,,,oko,
2223,,,,,,,normal
2227,,,base1,,,,
2228,,,,cheek,,,
2229,,,,,i,,
2230,,,,,,oko,
2231,,,,,,,smile
2235,,,base1,,,,
2236,,,,cheek,,,
2237,,,,,i,,
2238,,,,,,oko,
2239,,,,,,,toji
2243,,,base1,,,,
2244,,,,cheek,,,
2245,,,,,i,,
2246,,,,,,sad,
2247,,,,,,,beso
2251,,,base1,,,,
2252,,,,cheek,,,
2253,,,,,i,,
2254,,,,,,sad,
2255,,,,,,,jito
2259,,,base1,,,,
2260,,,,cheek,,,
2261,,,,,i,,
2262,,,,,,sad,
2263,,,,,,,normal
2267,,,base1,,,,
2268,,,,cheek,,,
2269,,,,,i,,
2270,,,,,,sad,
2271,,,,,,,smile
2275,,,base1,,,,
2276,,,,cheek,,,
2277,,,,,i,,
2278,,,,,,sad,
2279,,,,,,,toji
2283,,,base1,,,,
2284,,,,cheek,,,
2285,,,,,i,,
2286,,,,,,syobon,
2287,,,,,,,beso
2291,,,base1,,,,
2292,,,,cheek,,,
2293,,,,,i,,
2294,,,,,,syobon,
2295,,,,,,,jito
2299,,,base1,,,,
2300,,,,cheek,,,
2301,,,,,i,,
2302,,,,,,syobon,
2303,,,,,,,normal
2307,,,base1,,,,
2308,,,,cheek,,,
2309,,,,,i,,
2310,,,,,,syobon,
2311,,,,,,,smile
2315,,,base1,,,,
2316,,,,cheek,,,
2317,,,,,i,,
2318,,,,,,syobon,
2319,,,,,,,toji
2323,,,base1,,,,
2324,,,,cheek,,,
2325,,,,,i2,,
2326,,,,,,normal,
2327,,,,,,,beso
2331,,,base1,,,,
2332,,,,cheek,,,
2333,,,,,i2,,
2334,,,,,,normal,
2335,,,,,,,jito
2339,,,base1,,,,
2340,,,,cheek,,,
2341,,,,,i2,,
2342,,,,,,normal,
2343,,,,,,,normal
2347,,,base1,,,,
2348,,,,cheek,,,
2349,,,,,i2,,
2350,,,,,,normal,
2351,,,,,,,smile
2355,,,base1,,,,
2356,,,,cheek,,,
2357,,,,,i2,,
2358,,,,,,normal,
2359,,,,,,,toji
2363,,,base1,,,,
2364,,,,cheek,,,
2365,,,,,i2,,
2366,,,,,,oko,
2367,,,,,,,beso
2371,,,base1,,,,
2372,,,,cheek,,,
2373,,,,,i2,,
2374,,,,,,oko,
2375,,,,,,,jito
2379,,,base1,,,,
2380,,,,cheek,,,
2381,,,,,i2,,
2382,,,,,,oko,
2383,,,,,,,normal
2387,,,base1,,,,
2388,,,,cheek,,,
2389,,,,,i2,,
2390,,,,,,oko,
2391,,,,,,,smile
2395,,,base1,,,,
2396,,,,cheek,,,
2397,,,,,i2,,
2398,,,,,,oko,
2399,,,,,,,toji
2403,,,base1,,,,
2404,,,,cheek,,,
2405,,,,,i2,,
2406,,,,,,sad,
2407,,,,,,,beso
2411,,,base1,,,,
2412,,,,cheek,,,
2413,,,,,i2,,
2414,,,,,,sad,
2415,,,,,,,jito
2419,,,base1,,,,
2420,,,,cheek,,,
2421,,,,,i2,,
2422,,,,,,sad,
2423,,,,,,,normal
2427,,,base1,,,,
2428,,,,cheek,,,
2429,,,,,i2,,
2430,,,,,,sad,
2431,,,,,,,smile
2435,,,base1,,,,
2436,,,,cheek,,,
2437,,,,,i2,,
2438,,,,,,sad,
2439,,,,,,,toji
2443,,,base1,,,,
2444,,,,cheek,,,
2445,,,,,i2,,
2446,,,,,,syobon,
2447,,,,,,,beso
2451,,,base1,,,,
2452,,,,cheek,,,
2453,,,,,i2,,
2454,,,,,,syobon,
2455,,,,,,,jito
2459,,,base1,,,,
2460,,,,cheek,,,
2461,,,,,i2,,
2462,,,,,,syobon,
2463,,,,,,,normal
2467,,,base1,,,,
2468,,,,cheek,,,
2469,,,,,i2,,
2470,,,,,,syobon,
2471,,,,,,,smile
2475,,,base1,,,,
2476,,,,cheek,,,
2477,,,,,i2,,
2478,,,,,,syobon,
2479,,,,,,,toji
2483,,,base1,,,,
2484,,,,cheek,,,
2485,,,,,mu,,
2486,,,,,,normal,
2487,,,,,,,beso
2491,,,base1,,,,
2492,,,,cheek,,,
2493,,,,,mu,,
2494,,,,,,normal,
2495,,,,,,,jito
2499,,,base1,,,,
2500,,,,cheek,,,
2501,,,,,mu,,
2502,,,,,,normal,
2503,,,,,,,normal
2507,,,base1,,,,
2508,,,,cheek,,,
2509,,,,,mu,,
2510,,,,,,normal,
2511,,,,,,,smile
2515,,,base1,,,,
2516,,,,cheek,,,
2517,,,,,mu,,
2518,,,,,,normal,
2519,,,,,,,toji
2523,,,base1,,,,
2524,,,,cheek,,,
2525,,,,,mu,,
2526,,,,,,oko,
2527,,,,,,,beso
2531,,,base1,,,,
2532,,,,cheek,,,
2533,,,,,mu,,
2534,,,,,,oko,
2535,,,,,,,jito
2539,,,base1,,,,
2540,,,,cheek,,,
2541,,,,,mu,,
2542,,,,,,oko,
2543,,,,,,,normal
2547,,,base1,,,,
2548,,,,cheek,,,
2549,,,,,mu,,
2550,,,,,,oko,
2551,,,,,,,smile
2555,,,base1,,,,
2556,,,,cheek,,,
2557,,,,,mu,,
2558,,,,,,oko,
2559,,,,,,,toji
2563,,,base1,,,,
2564,,,,cheek,,,
2565,,,,,mu,,
2566,,,,,,sad,
2567,,,,,,,beso
2571,,,base1,,,,
2572,,,,cheek,,,
2573,,,,,mu,,
2574,,,,,,sad,
2575,,,,,,,jito
2579,,,base1,,,,
2580,,,,cheek,,,
2581,,,,,mu,,
2582,,,,,,sad,
2583,,,,,,,normal
2587,,,base1,,,,
2588,,,,cheek,,,
2589,,,,,mu,,
2590,,,,,,sad,
2591,,,,,,,smile
2595,,,base1,,,,
2596,,,,cheek,,,
2597,,,,,mu,,
2598,,,,,,sad,
2599,,,,,,,toji
2603,,,base1,,,,
2604,,,,cheek,,,
2605,,,,,mu,,
2606,,,,,,syobon,
2607,,,,,,,beso
2611,,,base1,,,,
2612,,,,cheek,,,
2613,,,,,mu,,
2614,,,,,,syobon,
2615,,,,,,,jito
2619,,,base1,,,,
2620,,,,cheek,,,
2621,,,,,mu,,
2622,,,,,,syobon,
2623,,,,,,,normal
2627,,,base1,,,,
2628,,,,cheek,,,
2629,,,,,mu,,
2630,,,,,,syobon,
2631,,,,,,,smile
2635,,,base1,,,,
2636,,,,cheek,,,
2637,,,,,mu,,
2638,,,,,,syobon,
2639,,,,,,,toji
2643,,,base1,,,,
2644,,,,cheek,,,
2645,,,,,n,,
2646,,,,,,normal,
2647,,,,,,,beso
2651,,,base1,,,,
2652,,,,cheek,,,
2653,,,,,n,,
2654,,,,,,normal,
2655,,,,,,,jito
2659,,,base1,,,,
2660,,,,cheek,,,
2661,,,,,n,,
2662,,,,,,normal,
2663,,,,,,,normal
2667,,,base1,,,,
2668,,,,cheek,,,
2669,,,,,n,,
2670,,,,,,normal,
2671,,,,,,,smile
2675,,,base1,,,,
2676,,,,cheek,,,
2677,,,,,n,,
2678,,,,,,normal,
2679,,,,,,,toji
2683,,,base1,,,,
2684,,,,cheek,,,
2685,,,,,n,,
2686,,,,,,oko,
2687,,,,,,,beso
2691,,,base1,,,,
2692,,,,cheek,,,
2693,,,,,n,,
2694,,,,,,oko,
2695,,,,,,,jito
2699,,,base1,,,,
2700,,,,cheek,,,
2701,,,,,n,,
2702,,,,,,oko,
2703,,,,,,,normal
2707,,,base1,,,,
2708,,,,cheek,,,
2709,,,,,n,,
2710,,,,,,oko,
2711,,,,,,,smile
2715,,,base1,,,,
2716,,,,cheek,,,
2717,,,,,n,,
2718,,,,,,oko,
2719,,,,,,,toji
2723,,,base1,,,,
2724,,,,cheek,,,
2725,,,,,n,,
2726,,,,,,sad,
2727,,,,,,,beso
2731,,,base1,,,,
2732,,,,cheek,,,
2733,,,,,n,,
2734,,,,,,sad,
2735,,,,,,,jito
2739,,,base1,,,,
2740,,,,cheek,,,
2741,,,,,n,,
2742,,,,,,sad,
2743,,,,,,,normal
2747,,,base1,,,,
2748,,,,cheek,,,
2749,,,,,n,,
2750,,,,,,sad,
2751,,,,,,,smile
2755,,,base1,,,,
2756,,,,cheek,,,
2757,,,,,n,,
2758,,,,,,sad,
2759,,,,,,,toji
2763,,,base1,,,,
2764,,,,cheek,,,
2765,,,,,n,,
2766,,,,,,syobon,
2767,,,,,,,beso
2771,,,base1,,,,
2772,,,,cheek,,,
2773,,,,,n,,
2774,,,,,,syobon,
2775,,,,,,,jito
2779,,,base1,,,,
2780,,,,cheek,,,
2781,,,,,n,,
2782,,,,,,syobon,
2783,,,,,,,normal
2787,,,base1,,,,
2788,,,,cheek,,,
2789,,,,,n,,
2790,,,,,,syobon,
2791,,,,,,,smile
2795,,,base1,,,,
2796,,,,cheek,,,
2797,,,,,n,,
2798,,,,,,syobon,
2799,,,,,,,toji
2803,,,base1,,,,
2804,,,,cheek,,,
2805,,,,,niko,,
2806,,,,,,normal,
2807,,,,,,,beso
2811,,,base1,,,,
2812,,,,cheek,,,
2813,,,,,niko,,
2814,,,,,,normal,
2815,,,,,,,jito
2819,,,base1,,,,
2820,,,,cheek,,,
2821,,,,,niko,,
2822,,,,,,normal,
2823,,,,,,,normal
2827,,,base1,,,,
2828,,,,cheek,,,
2829,,,,,niko,,
2830,,,,,,normal,
2831,,,,,,,smile
2835,,,base1,,,,
2836,,,,cheek,,,
2837,,,,,niko,,
2838,,,,,,normal,
2839,,,,,,,toji
2843,,,base1,,,,
2844,,,,cheek,,,
2845,,,,,niko,,
2846,,,,,,oko,
2847,,,,,,,beso
2851,,,base1,,,,
2852,,,,cheek,,,
2853,,,,,niko,,
2854,,,,,,oko,
2855,,,,,,,jito
2859,,,base1,,,,
2860,,,,cheek,,,
2861,,,,,niko,,
2862,,,,,,oko,
2863,,,,,,,normal
2867,,,base1,,,,
2868,,,,cheek,,,
2869,,,,,niko,,
2870,,,,,,oko,
2871,,,,,,,smile
2875,,,base1,,,,
2876,,,,cheek,,,
2877,,,,,niko,,
2878,,,,,,oko,
2879,,,,,,,toji
2883,,,base1,,,,
2884,,,,cheek,,,
2885,,,,,niko,,
2886,,,,,,sad,
2887,,,,,,,beso
2891,,,base1,,,,
2892,,,,cheek,,,
2893,,,,,niko,,
2894,,,,,,sad,
2895,,,,,,,jito
2899,,,base1,,,,
2900,,,,cheek,,,
2901,,,,,niko,,
2902,,,,,,sad,
2903,,,,,,,normal
2907,,,base1,,,,
2908,,,,cheek,,,
2909,,,,,niko,,
2910,,,,,,sad,
2911,,,,,,,smile
2915,,,base1,,,,
2916,,,,cheek,,,
2917,,,,,niko,,
2918,,,,,,sad,
2919,,,,,,,toji
2923,,,base1,,,,
2924,,,,cheek,,,
2925,,,,,niko,,
2926,,,,,,syobon,
2927,,,,,,,beso
2931,,,base1,,,,
2932,,,,cheek,,,
2933,,,,,niko,,
2934,,,,,,syobon,
2935,,,,,,,jito
2939,,,base1,,,,
2940,,,,cheek,,,
2941,,,,,niko,,
2942,,,,,,syobon,
2943,,,,,,,normal
2947,,,base1,,,,
2948,,,,cheek,,,
2949,,,,,niko,,
2950,,,,,,syobon,
2951,,,,,,,smile
2955,,,base1,,,,
2956,,,,cheek,,,
2957,,,,,niko,,
2958,,,,,,syobon,
2959,,,,,,,toji
2963,,,base1,,,,
2964,,,,cheek,,,
2965,,,,,o,,
2966,,,,,,normal,
2967,,,,,,,beso
2971,,,base1,,,,
2972,,,,cheek,,,
2973,,,,,o,,
2974,,,,,,normal,
2975,,,,,,,jito
2979,,,base1,,,,
2980,,,,cheek,,,
2981,,,,,o,,
2982,,,,,,normal,
2983,,,,,,,normal
2987,,,base1,,,,
2988,,,,cheek,,,
2989,,,,,o,,
2990,,,,,,normal,
2991,,,,,,,smile
2995,,,base1,,,,
2996,,,,cheek,,,
2997,,,,,o,,
2998,,,,,,normal,
2999,,,,,,,toji
3003,,,base1,,,,
3004,,,,cheek,,,
3005,,,,,o,,
3006,,,,,,oko,
3007,,,,,,,beso
3011,,,base1,,,,
3012,,,,cheek,,,
3013,,,,,o,,
3014,,,,,,oko,
3015,,,,,,,jito
3019,,,base1,,,,
3020,,,,cheek,,,
3021,,,,,o,,
3022,,,,,,oko,
3023,,,,,,,normal
3027,,,base1,,,,
3028,,,,cheek,,,
3029,,,,,o,,
3030,,,,,,oko,
3031,,,,,,,smile
3035,,,base1,,,,
3036,,,,cheek,,,
3037,,,,,o,,
3038,,,,,,oko,
3039,,,,,,,toji
3043,,,base1,,,,
3044,,,,cheek,,,
3045,,,,,o,,
3046,,,,,,sad,
3047,,,,,,,beso
3051,,,base1,,,,
3052,,,,cheek,,,
3053,,,,,o,,
3054,,,,,,sad,
3055,,,,,,,jito
3059,,,base1,,,,
3060,,,,cheek,,,
3061,,,,,o,,
3062,,,,,,sad,
3063,,,,,,,normal
3067,,,base1,,,,
3068,,,,cheek,,,
3069,,,,,o,,
3070,,,,,,sad,
3071,,,,,,,smile
3075,,,base1,,,,
3076,,,,cheek,,,
3077,,,,,o,,
3078,,,,,,sad,
3079,,,,,,,toji
3083,,,base1,,,,
3084,,,,cheek,,,
3085,,,,,o,,
3086,,,,,,syobon,
3087,,,,,,,beso
3091,,,base1,,,,
3092,,,,cheek,,,
3093,,,,,o,,
3094,,,,,,syobon,
3095,,,,,,,jito
3099,,,base1,,,,
3100,,,,cheek,,,
3101,,,,,o,,
3102,,,,,,syobon,
3103,,,,,,,normal
3107,,,base1,,,,
3108,,,,cheek,,,
3109,,,,,o,,
3110,,,,,,syobon,
3111,,,,,,,smile
3115,,,base1,,,,
3116,,,,cheek,,,
3117,,,,,o,,
3118,,,,,,syobon,
3119,,,,,,,toji
3123,,,base1,,,,
3124,,,,cheek,,,
3125,,,,,oo,,
3126,,,,,,normal,
3127,,,,,,,beso
3131,,,base1,,,,
3132,,,,cheek,,,
3133,,,,,oo,,
3134,,,,,,normal,
3135,,,,,,,jito
3139,,,base1,,,,
3140,,,,cheek,,,
3141,,,,,oo,,
3142,,,,,,normal,
3143,,,,,,,normal
3147,,,base1,,,,
3148,,,,cheek,,,
3149,,,,,oo,,
3150,,,,,,normal,
3151,,,,,,,smile
3155,,,base1,,,,
3156,,,,cheek,,,
3157,,,,,oo,,
3158,,,,,,normal,
3159,,,,,,,toji
3163,,,base1,,,,
3164,,,,cheek,,,
3165,,,,,oo,,
3166,,,,,,oko,
3167,,,,,,,beso
3171,,,base1,,,,
3172,,,,cheek,,,
3173,,,,,oo,,
3174,,,,,,oko,
3175,,,,,,,jito
3179,,,base1,,,,
3180,,,,cheek,,,
3181,,,,,oo,,
3182,,,,,,oko,
3183,,,,,,,normal
3187,,,base1,,,,
3188,,,,cheek,,,
3189,,,,,oo,,
3190,,,,,,oko,
3191,,,,,,,smile
3195,,,base1,,,,
3196,,,,cheek,,,
3197,,,,,oo,,
3198,,,,,,oko,
3199,,,,,,,toji
3203,,,base1,,,,
3204,,,,cheek,,,
3205,,,,,oo,,
3206,,,,,,sad,
3207,,,,,,,beso
3211,,,base1,,,,
3212,,,,cheek,,,
3213,,,,,oo,,
3214,,,,,,sad,
3215,,,,,,,jito
3219,,,base1,,,,
3220,,,,cheek,,,
3221,,,,,oo,,
3222,,,,,,sad,
3223,,,,,,,normal
3227,,,base1,,,,
3228,,,,cheek,,,
3229,,,,,oo,,
3230,,,,,,sad,
3231,,,,,,,smile
3235,,,base1,,,,
3236,,,,cheek,,,
3237,,,,,oo,,
3238,,,,,,sad,
3239,,,,,,,toji
3243,,,base1,,,,
3244,,,,cheek,,,
3245,,,,,oo,,
3246,,,,,,syobon,
3247,,,,,,,beso
3251,,,base1,,,,
3252,,,,cheek,,,
3253,,,,,oo,,
3254,,,,,,syobon,
3255,,,,,,,jito
3259,,,base1,,,,
3260,,,,cheek,,,
3261,,,,,oo,,
3262,,,,,,syobon,
3263,,,,,,,normal
3267,,,base1,,,,
3268,,,,cheek,,,
3269,,,,,oo,,
3270,,,,,,syobon,
3271,,,,,,,smile
3275,,,base1,,,,
3276,,,,cheek,,,
3277,,,,,oo,,
3278,,,,,,syobon,
3279,,,,,,,toji
3283,,,base1,,,,
3284,,,,cheek,,,
3285,,,,,shock,,
3286,,,,,,normal,
3287,,,,,,,beso
3291,,,base1,,,,
3292,,,,cheek,,,
3293,,,,,shock,,
3294,,,,,,normal,
3295,,,,,,,jito
3299,,,base1,,,,
3300,,,,cheek,,,
3301,,,,,shock,,
3302,,,,,,normal,
3303,,,,,,,normal
3307,,,base1,,,,
3308,,,,cheek,,,
3309,,,,,shock,,
3310,,,,,,normal,
3311,,,,,,,smile
3315,,,base1,,,,
3316,,,,cheek,,,
3317,,,,,shock,,
3318,,,,,,normal,
3319,,,,,,,toji
3323,,,base1,,,,
3324,,,,cheek,,,
3325,,,,,shock,,
3326,,,,,,oko,
3327,,,,,,,beso
3331,,,base1,,,,
3332,,,,cheek,,,
3333,,,,,shock,,
3334,,,,,,oko,
3335,,,,,,,jito
3339,,,base1,,,,
3340,,,,cheek,,,
3341,,,,,shock,,
3342,,,,,,oko,
3343,,,,,,,normal
3347,,,base1,,,,
3348,,,,cheek,,,
3349,,,,,shock,,
3350,,,,,,oko,
3351,,,,,,,smile
3355,,,base1,,,,
3356,,,,cheek,,,
3357,,,,,shock,,
3358,,,,,,oko,
3359,,,,,,,toji
3363,,,base1,,,,
3364,,,,cheek,,,
3365,,,,,shock,,
3366,,,,,,sad,
3367,,,,,,,beso
3371,,,base1,,,,
3372,,,,cheek,,,
3373,,,,,shock,,
3374,,,,,,sad,
3375,,,,,,,jito
3379,,,base1,,,,
3380,,,,cheek,,,
3381,,,,,shock,,
3382,,,,,,sad,
3383,,,,,,,normal
3387,,,base1,,,,
3388,,,,cheek,,,
3389,,,,,shock,,
3390,,,,,,sad,
3391,,,,,,,smile
3395,,,base1,,,,
3396,,,,cheek,,,
3397,,,,,shock,,
3398,,,,,,sad,
3399,,,,,,,toji
3403,,,base1,,,,
3404,,,,cheek,,,
3405,,,,,shock,,
3406,,,,,,syobon,
3407,,,,,,,beso
3411,,,base1,,,,
3412,,,,cheek,,,
3413,,,,,shock,,
3414,,,,,,syobon,
3415,,,,,,,jito
3419,,,base1,,,,
3420,,,,cheek,,,
3421,,,,,shock,,
3422,,,,,,syobon,
3423,,,,,,,normal
3427,,,base1,,,,
3428,,,,cheek,,,
3429,,,,,shock,,
3430,,,,,,syobon,
3431,,,,,,,smile
3435,,,base1,,,,
3436,,,,cheek,,,
3437,,,,,shock,,
3438,,,,,,syobon,
3439,,,,,,,toji
3443,,,base1,,,,
3444,,,,cheek,,,
3445,,,,,wa,,
3446,,,,,,normal,
3447,,,,,,,beso
3451,,,base1,,,,
3452,,,,cheek,,,
3453,,,,,wa,,
3454,,,,,,normal,
3455,,,,,,,jito
3459,,,base1,,,,
3460,,,,cheek,,,
3461,,,,,wa,,
3462,,,,,,normal,
3463,,,,,,,normal
3467,,,base1,,,,
3468,,,,cheek,,,
3469,,,,,wa,,
3470,,,,,,normal,
3471,,,,,,,smile
3475,,,base1,,,,
3476,,,,cheek,,,
3477,,,,,wa,,
3478,,,,,,normal,
3479,,,,,,,toji
3483,,,base1,,,,
3484,,,,cheek,,,
3485,,,,,wa,,
3486,,,,,,oko,
3487,,,,,,,beso
3491,,,base1,,,,
3492,,,,cheek,,,
3493,,,,,wa,,
3494,,,,,,oko,
3495,,,,,,,jito
3499,,,base1,,,,
3500,,,,cheek,,,
3501,,,,,wa,,
3502,,,,,,oko,
3503,,,,,,,normal
3507,,,base1,,,,
3508,,,,cheek,,,
3509,,,,,wa,,
3510,,,,,,oko,
3511,,,,,,,smile
3515,,,base1,,,,
3516,,,,cheek,,,
3517,,,,,wa,,
3518,,,,,,oko,
3519,,,,,,,toji
3523,,,base1,,,,
3524,,,,cheek,,,
3525,,,,,wa,,
3526,,,,,,sad,
3527,,,,,,,beso
3531,,,base1,,,,
3532,,,,cheek,,,
3533,,,,,wa,,
3534,,,,,,sad,
3535,,,,,,,jito
3539,,,base1,,,,
3540,,,,cheek,,,
3541,,,,,wa,,
3542,,,,,,sad,
3543,,,,,,,normal
3547,,,base1,,,,
3548,,,,cheek,,,
3549,,,,,wa,,
3550,,,,,,sad,
3551,,,,,,,smile
3555,,,base1,,,,
3556,,,,cheek,,,
3557,,,,,wa,,
3558,,,,,,sad,
3559,,,,,,,toji
3563,,,base1,,,,
3564,,,,cheek,,,
3565,,,,,wa,,
3566,,,,,,syobon,
3567,,,,,,,beso
3571,,,base1,,,,
3572,,,,cheek,,,
3573,,,,,wa,,
3574,,,,,,syobon,
3575,,,,,,,jito
3579,,,base1,,,,
3580,,,,cheek,,,
3581,,,,,wa,,
3582,,,,,,syobon,
3583,,,,,,,normal
3587,,,base1,,,,
3588,,,,cheek,,,
3589,,,,,wa,,
3590,,,,,,syobon,
3591,,,,,,,smile
3595,,,base1,,,,
3596,,,,cheek,,,
3597,,,,,wa,,
3598,,,,,,syobon,
3599,,,,,,,toji
3603,,,base2,,,,
3604,,,,,a,,
3605,,,,,,normal,
3606,,,,,,,beso
3610,,,base2,,,,
3611,,,,,a,,
3612,,,,,,normal,
3613,,,,,,,jito
3617,,,base2,,,,
3618,,,,,a,,
3619,,,,,,normal,
3620,,,,,,,normal
3624,,,base2,,,,
3625,,,,,a,,
3626,,,,,,normal,
3627,,,,,,,smile
3631,,,base2,,,,
3632,,,,,a,,
3633,,,,,,normal,
3634,,,,,,,toji
3638,,,base2,,,,
3639,,,,,a,,
3640,,,,,,oko,
3641,,,,,,,beso
3645,,,base2,,,,
3646,,,,,a,,
3647,,,,,,oko,
3648,,,,,,,jito
3652,,,base2,,,,
3653,,,,,a,,
3654,,,,,,oko,
3655,,,,,,,normal
3659,,,base2,,,,
3660,,,,,a,,
3661,,,,,,oko,
3662,,,,,,,smile
3666,,,base2,,,,
3667,,,,,a,,
3668,,,,,,oko,
3669,,,,,,,toji
3673,,,base2,,,,
3674,,,,,a,,
3675,,,,,,sad,
3676,,,,,,,beso
3680,,,base2,,,,
3681,,,,,a,,
3682,,,,,,sad,
3683,,,,,,,jito
3687,,,base2,,,,
3688,,,,,a,,
3689,,,,,,sad,
3690,,,,,,,normal
3694,,,base2,,,,
3695,,,,,a,,
3696,,,,,,sad,
3697,,,,,,,smile
3701,,,base2,,,,
3702,,,,,a,,
3703,,,,,,sad,
3704,,,,,,,toji
3708,,,base2,,,,
3709,,,,,a,,
3710,,,,,,syobon,
3711,,,,,,,beso
3715,,,base2,,,,
3716,,,,,a,,
3717,,,,,,syobon,
3718,,,,,,,jito
3722,,,base2,,,,
3723,,,,,a,,
3724,,,,,,syobon,
3725,,,,,,,normal
3729,,,base2,,,,
3730,,,,,a,,
3731,,,,,,syobon,
3732,,,,,,,smile
3736,,,base2,,,,
3737,,,,,a,,
3738,,,,,,syobon,
3739,,,,,,,toji
3743,,,base2,,,,
3744,,,,,a2,,
3745,,,,,,normal,
3746,,,,,,,beso
3750,,,base2,,,,
3751,,,,,a2,,
3752,,,,,,normal,
3753,,,,,,,jito
3757,,,base2,,,,
3758,,,,,a2,,
3759,,,,,,normal,
3760,,,,,,,normal
3764,,,base2,,,,
3765,,,,,a2,,
3766,,,,,,normal,
3767,,,,,,,smile
3771,,,base2,,,,
3772,,,,,a2,,
3773,,,,,,normal,
3774,,,,,,,toji
3778,,,base2,,,,
3779,,,,,a2,,
3780,,,,,,oko,
3781,,,,,,,beso
3785,,,base2,,,,
3786,,,,,a2,,
3787,,,,,,oko,
3788,,,,,,,jito
3792,,,base2,,,,
3793,,,,,a2,,
3794,,,,,,oko,
3795,,,,,,,normal
3799,,,base2,,,,
3800,,,,,a2,,
3801,,,,,,oko,
3802,,,,,,,smile
3806,,,base2,,,,
3807,,,,,a2,,
3808,,,,,,oko,
3809,,,,,,,toji
3813,,,base2,,,,
3814,,,,,a2,,
3815,,,,,,sad,
3816,,,,,,,beso
3820,,,base2,,,,
3821,,,,,a2,,
3822,,,,,,sad,
3823,,,,,,,jito
3827,,,base2,,,,
3828,,,,,a2,,
3829,,,,,,sad,
3830,,,,,,,normal
3834,,,base2,,,,
3835,,,,,a2,,
3836,,,,,,sad,
3837,,,,,,,smile
3841,,,base2,,,,
3842,,,,,a2,,
3843,,,,,,sad,
3844,,,,,,,toji
3848,,,base2,,,,
3849,,,,,a2,,
3850,,,,,,syobon,
3851,,,,,,,beso
3855,,,base2,,,,
3856,,,,,a2,,
3857,,,,,,syobon,
3858,,,,,,,jito
3862,,,base2,,,,
3863,,,,,a2,,
3864,,,,,,syobon,
3865,,,,,,,normal
3869,,,base2,,,,
3870,,,,,a2,,
3871,,,,,,syobon,
3872,,,,,,,smile
3876,,,base2,,,,
3877,,,,,a2,,
3878,,,,,,syobon,
3879,,,,,,,toji
3883,,,base2,,,,
3884,,,,,e,,
3885,,,,,,normal,
3886,,,,,,,beso
3890,,,base2,,,,
3891,,,,,e,,
3892,,,,,,normal,
3893,,,,,,,jito
3897,,,base2,,,,
3898,,,,,e,,
3899,,,,,,normal,
3900,,,,,,,normal
3904,,,base2,,,,
3905,,,,,e,,
3906,,,,,,normal,
3907,,,,,,,smile
3911,,,base2,,,,
3912,,,,,e,,
3913,,,,,,normal,
3914,,,,,,,toji
3918,,,base2,,,,
3919,,,,,e,,
3920,,,,,,oko,
3921,,,,,,,beso
3925,,,base2,,,,
3926,,,,,e,,
3927,,,,,,oko,
3928,,,,,,,jito
3932,,,base2,,,,
3933,,,,,e,,
3934,,,,,,oko,
3935,,,,,,,normal
3939,,,base2,,,,
3940,,,,,e,,
3941,,,,,,oko,
3942,,,,,,,smile
3946,,,base2,,,,
3947,,,,,e,,
3948,,,,,,oko,
3949,,,,,,,toji
3953,,,base2,,,,
3954,,,,,e,,
3955,,,,,,sad,
3956,,,,,,,beso
3960,,,base2,,,,
3961,,,,,e,,
3962,,,,,,sad,
3963,,,,,,,jito
3967,,,base2,,,,
3968,,,,,e,,
3969,,,,,,sad,
3970,,,,,,,normal
3974,,,base2,,,,
3975,,,,,e,,
3976,,,,,,sad,
3977,,,,,,,smile
3981,,,base2,,,,
3982,,,,,e,,
3983,,,,,,sad,
3984,,,,,,,toji
3988,,,base2,,,,
3989,,,,,e,,
3990,,,,,,syobon,
3991,,,,,,,beso
3995,,,base2,,,,
3996,,,,,e,,
3997,,,,,,syobon,
3998,,,,,,,jito
4002,,,base2,,,,
4003,,,,,e,,
4004,,,,,,syobon,
4005,,,,,,,normal
4009,,,base2,,,,
4010,,,,,e,,
4011,,,,,,syobon,
4012,,,,,,,smile
4016,,,base2,,,,
4017,,,,,e,,
4018,,,,,,syobon,
4019,,,,,,,toji
4023,,,base2,,,,
4024,,,,,i,,
4025,,,,,,normal,
4026,,,,,,,beso
4030,,,base2,,,,
4031,,,,,i,,
4032,,,,,,normal,
4033,,,,,,,jito
4037,,,base2,,,,
4038,,,,,i,,
4039,,,,,,normal,
4040,,,,,,,normal
4044,,,base2,,,,
4045,,,,,i,,
4046,,,,,,normal,
4047,,,,,,,smile
4051,,,base2,,,,
4052,,,,,i,,
4053,,,,,,normal,
4054,,,,,,,toji
4058,,,base2,,,,
4059,,,,,i,,
4060,,,,,,oko,
4061,,,,,,,beso
4065,,,base2,,,,
4066,,,,,i,,
4067,,,,,,oko,
4068,,,,,,,jito
4072,,,base2,,,,
4073,,,,,i,,
4074,,,,,,oko,
4075,,,,,,,normal
4079,,,base2,,,,
4080,,,,,i,,
4081,,,,,,oko,
4082,,,,,,,smile
4086,,,base2,,,,
4087,,,,,i,,
4088,,,,,,oko,
4089,,,,,,,toji
4093,,,base2,,,,
4094,,,,,i,,
4095,,,,,,sad,
4096,,,,,,,beso
4100,,,base2,,,,
4101,,,,,i,,
4102,,,,,,sad,
4103,,,,,,,jito
4107,,,base2,,,,
4108,,,,,i,,
4109,,,,,,sad,
4110,,,,,,,normal
4114,,,base2,,,,
4115,,,,,i,,
4116,,,,,,sad,
4117,,,,,,,smile
4121,,,base2,,,,
4122,,,,,i,,
4123,,,,,,sad,
4124,,,,,,,toji
4128,,,base2,,,,
4129,,,,,i,,
4130,,,,,,syobon,
4131,,,,,,,beso
4135,,,base2,,,,
4136,,,,,i,,
4137,,,,,,syobon,
4138,,,,,,,jito
4142,,,base2,,,,
4143,,,,,i,,
4144,,,,,,syobon,
4145,,,,,,,normal
4149,,,base2,,,,
4150,,,,,i,,
4151,,,,,,syobon,
4152,,,,,,,smile
4156,,,base2,,,,
4157,,,,,i,,
4158,,,,,,syobon,
4159,,,,,,,toji
4163,,,base2,,,,
4164,,,,,i2,,
4165,,,,,,normal,
4166,,,,,,,beso
4170,,,base2,,,,
4171,,,,,i2,,
4172,,,,,,normal,
4173,,,,,,,jito
4177,,,base2,,,,
4178,,,,,i2,,
4179,,,,,,normal,
4180,,,,,,,normal
4184,,,base2,,,,
4185,,,,,i2,,
4186,,,,,,normal,
4187,,,,,,,smile
4191,,,base2,,,,
4192,,,,,i2,,
4193,,,,,,normal,
4194,,,,,,,toji
4198,,,base2,,,,
4199,,,,,i2,,
4200,,,,,,oko,
4201,,,,,,,beso
4205,,,base2,,,,
4206,,,,,i2,,
4207,,,,,,oko,
4208,,,,,,,jito
4212,,,base2,,,,
4213,,,,,i2,,
4214,,,,,,oko,
4215,,,,,,,normal
4219,,,base2,,,,
4220,,,,,i2,,
4221,,,,,,oko,
4222,,,,,,,smile
4226,,,base2,,,,
4227,,,,,i2,,
4228,,,,,,oko,
4229,,,,,,,toji
4233,,,base2,,,,
4234,,,,,i2,,
4235,,,,,,sad,
4236,,,,,,,beso
4240,,,base2,,,,
4241,,,,,i2,,
4242,,,,,,sad,
4243,,,,,,,jito
4247,,,base2,,,,
4248,,,,,i2,,
4249,,,,,,sad,
4250,,,,,,,normal
4254,,,base2,,,,
4255,,,,,i2,,
4256,,,,,,sad,
4257,,,,,,,smile
4261,,,base2,,,,
4262,,,,,i2,,
4263,,,,,,sad,
4264,,,,,,,toji
4268,,,base2,,,,
4269,,,,,i2,,
4270,,,,,,syobon,
4271,,,,,,,beso
4275,,,base2,,,,
4276,,,,,i2,,
4277,,,,,,syobon,
4278,,,,,,,jito
4282,,,base2,,,,
4283,,,,,i2,,
4284,,,,,,syobon,
4285,,,,,,,normal
4289,,,base2,,,,
4290,,,,,i2,,
4291,,,,,,syobon,
4292,,,,,,,smile
4296,,,base2,,,,
4297,,,,,i2,,
4298,,,,,,syobon,
4299,,,,,,,toji
4303,,,base2,,,,
4304,,,,,mu,,
4305,,,,,,normal,
4306,,,,,,,beso
4310,,,base2,,,,
4311,,,,,mu,,
4312,,,,,,normal,
4313,,,,,,,jito
4317,,,base2,,,,
4318,,,,,mu,,
4319,,,,,,normal,
4320,,,,,,,normal
4324,,,base2,,,,
4325,,,,,mu,,
4326,,,,,,normal,
4327,,,,,,,smile
4331,,,base2,,,,
4332,,,,,mu,,
4333,,,,,,normal,
4334,,,,,,,toji
4338,,,base2,,,,
4339,,,,,mu,,
4340,,,,,,oko,
4341,,,,,,,beso
4345,,,base2,,,,
4346,,,,,mu,,
4347,,,,,,oko,
4348,,,,,,,jito
4352,,,base2,,,,
4353,,,,,mu,,
4354,,,,,,oko,
4355,,,,,,,normal
4359,,,base2,,,,
4360,,,,,mu,,
4361,,,,,,oko,
4362,,,,,,,smile
4366,,,base2,,,,
4367,,,,,mu,,
4368,,,,,,oko,
4369,,,,,,,toji
4373,,,base2,,,,
4374,,,,,mu,,
4375,,,,,,sad,
4376,,,,,,,beso
4380,,,base2,,,,
4381,,,,,mu,,
4382,,,,,,sad,
4383,,,,,,,jito
4387,,,base2,,,,
4388,,,,,mu,,
4389,,,,,,sad,
4390,,,,,,,normal
4394,,,base2,,,,
4395,,,,,mu,,
4396,,,,,,sad,
4397,,,,,,,smile
4401,,,base2,,,,
4402,,,,,mu,,
4403,,,,,,sad,
4404,,,,,,,toji
4408,,,base2,,,,
4409,,,,,mu,,
4410,,,,,,syobon,
4411,,,,,,,beso
4415,,,base2,,,,
4416,,,,,mu,,
4417,,,,,,syobon,
4418,,,,,,,jito
4422,,,base2,,,,
4423,,,,,mu,,
4424,,,,,,syobon,
4425,,,,,,,normal
4429,,,base2,,,,
4430,,,,,mu,,
4431,,,,,,syobon,
4432,,,,,,,smile
4436,,,base2,,,,
4437,,,,,mu,,
4438,,,,,,syobon,
4439,,,,,,,toji
4443,,,base2,,,,
4444,,,,,n,,
4445,,,,,,normal,
4446,,,,,,,beso
4450,,,base2,,,,
4451,,,,,n,,
4452,,,,,,normal,
4453,,,,,,,jito
4457,,,base2,,,,
4458,,,,,n,,
4459,,,,,,normal,
4460,,,,,,,normal
4464,,,base2,,,,
4465,,,,,n,,
4466,,,,,,normal,
4467,,,,,,,smile
4471,,,base2,,,,
4472,,,,,n,,
4473,,,,,,normal,
4474,,,,,,,toji
4478,,,base2,,,,
4479,,,,,n,,
4480,,,,,,oko,
4481,,,,,,,beso
4485,,,base2,,,,
4486,,,,,n,,
4487,,,,,,oko,
4488,,,,,,,jito
4492,,,base2,,,,
4493,,,,,n,,
4494,,,,,,oko,
4495,,,,,,,normal
4499,,,base2,,,,
4500,,,,,n,,
4501,,,,,,oko,
4502,,,,,,,smile
4506,,,base2,,,,
4507,,,,,n,,
4508,,,,,,oko,
4509,,,,,,,toji
4513,,,base2,,,,
4514,,,,,n,,
4515,,,,,,sad,
4516,,,,,,,beso
4520,,,base2,,,,
4521,,,,,n,,
4522,,,,,,sad,
4523,,,,,,,jito
4527,,,base2,,,,
4528,,,,,n,,
4529,,,,,,sad,
4530,,,,,,,normal
4534,,,base2,,,,
4535,,,,,n,,
4536,,,,,,sad,
4537,,,,,,,smile
4541,,,base2,,,,
4542,,,,,n,,
4543,,,,,,sad,
4544,,,,,,,toji
4548,,,base2,,,,
4549,,,,,n,,
4550,,,,,,syobon,
4551,,,,,,,beso
4555,,,base2,,,,
4556,,,,,n,,
4557,,,,,,syobon,
4558,,,,,,,jito
4562,,,base2,,,,
4563,,,,,n,,
4564,,,,,,syobon,
4565,,,,,,,normal
4569,,,base2,,,,
4570,,,,,n,,
4571,,,,,,syobon,
4572,,,,,,,smile
4576,,,base2,,,,
4577,,,,,n,,
4578,,,,,,syobon,
4579,,,,,,,toji
4583,,,base2,,,,
4584,,,,,niko,,
4585,,,,,,normal,
4586,,,,,,,beso
4590,,,base2,,,,
4591,,,,,niko,,
4592,,,,,,normal,
4593,,,,,,,jito
4597,,,base2,,,,
4598,,,,,niko,,
4599,,,,,,normal,
4600,,,,,,,normal
4604,,,base2,,,,
4605,,,,,niko,,
4606,,,,,,normal,
4607,,,,,,,smile
4611,,,base2,,,,
4612,,,,,niko,,
4613,,,,,,normal,
4614,,,,,,,toji
4618,,,base2,,,,
4619,,,,,niko,,
4620,,,,,,oko,
4621,,,,,,,beso
4625,,,base2,,,,
4626,,,,,niko,,
4627,,,,,,oko,
4628,,,,,,,jito
4632,,,base2,,,,
4633,,,,,niko,,
4634,,,,,,oko,
4635,,,,,,,normal
4639,,,base2,,,,
4640,,,,,niko,,
4641,,,,,,oko,
4642,,,,,,,smile
4646,,,base2,,,,
4647,,,,,niko,,
4648,,,,,,oko,
4649,,,,,,,toji
4653,,,base2,,,,
4654,,,,,niko,,
4655,,,,,,sad,
4656,,,,,,,beso
4660,,,base2,,,,
4661,,,,,niko,,
4662,,,,,,sad,
4663,,,,,,,jito
4667,,,base2,,,,
4668,,,,,niko,,
4669,,,,,,sad,
4670,,,,,,,normal
4674,,,base2,,,,
4675,,,,,niko,,
4676,,,,,,sad,
4677,,,,,,,smile
4681,,,base2,,,,
4682,,,,,niko,,
4683,,,,,,sad,
4684,,,,,,,toji
4688,,,base2,,,,
4689,,,,,niko,,
4690,,,,,,syobon,
4691,,,,,,,beso
4695,,,base2,,,,
4696,,,,,niko,,
4697,,,,,,syobon,
4698,,,,,,,jito
4702,,,base2,,,,
4703,,,,,niko,,
4704,,,,,,syobon,
4705,,,,,,,normal
4709,,,base2,,,,
4710,,,,,niko,,
4711,,,,,,syobon,
4712,,,,,,,smile
4716,,,base2,,,,
4717,,,,,niko,,
4718,,,,,,syobon,
4719,,,,,,,toji
4723,,,base2,,,,
4724,,,,,o,,
4725,,,,,,normal,
4726,,,,,,,beso
4730,,,base2,,,,
4731,,,,,o,,
4732,,,,,,normal,
4733,,,,,,,jito
4737,,,base2,,,,
4738,,,,,o,,
4739,,,,,,normal,
4740,,,,,,,normal
4744,,,base2,,,,
4745,,,,,o,,
4746,,,,,,normal,
4747,,,,,,,smile
4751,,,base2,,,,
4752,,,,,o,,
4753,,,,,,normal,
4754,,,,,,,toji
4758,,,base2,,,,
4759,,,,,o,,
4760,,,,,,oko,
4761,,,,,,,beso
4765,,,base2,,,,
4766,,,,,o,,
4767,,,,,,oko,
4768,,,,,,,jito
4772,,,base2,,,,
4773,,,,,o,,
4774,,,,,,oko,
4775,,,,,,,normal
4779,,,base2,,,,
4780,,,,,o,,
4781,,,,,,oko,
4782,,,,,,,smile
4786,,,base2,,,,
4787,,,,,o,,
4788,,,,,,oko,
4789,,,,,,,toji
4793,,,base2,,,,
4794,,,,,o,,
4795,,,,,,sad,
4796,,,,,,,beso
4800,,,base2,,,,
4801,,,,,o,,
4802,,,,,,sad,
4803,,,,,,,jito
4807,,,base2,,,,
4808,,,,,o,,
4809,,,,,,sad,
4810,,,,,,,normal
4814,,,base2,,,,
4815,,,,,o,,
4816,,,,,,sad,
4817,,,,,,,smile
4821,,,base2,,,,
4822,,,,,o,,
4823,,,,,,sad,
4824,,,,,,,toji
4828,,,base2,,,,
4829,,,,,o,,
4830,,,,,,syobon,
4831,,,,,,,beso
4835,,,base2,,,,
4836,,,,,o,,
4837,,,,,,syobon,
4838,,,,,,,jito
4842,,,base2,,,,
4843,,,,,o,,
4844,,,,,,syobon,
4845,,,,,,,normal
4849,,,base2,,,,
4850,,,,,o,,
4851,,,,,,syobon,
4852,,,,,,,smile
4856,,,base2,,,,
4857,,,,,o,,
4858,,,,,,syobon,
4859,,,,,,,toji
4863,,,base2,,,,
4864,,,,,oo,,
4865,,,,,,normal,
4866,,,,,,,beso
4870,,,base2,,,,
4871,,,,,oo,,
4872,,,,,,normal,
4873,,,,,,,jito
4877,,,base2,,,,
4878,,,,,oo,,
4879,,,,,,normal,
4880,,,,,,,normal
4884,,,base2,,,,
4885,,,,,oo,,
4886,,,,,,normal,
4887,,,,,,,smile
4891,,,base2,,,,
4892,,,,,oo,,
4893,,,,,,normal,
4894,,,,,,,toji
4898,,,base2,,,,
4899,,,,,oo,,
4900,,,,,,oko,
4901,,,,,,,beso
4905,,,base2,,,,
4906,,,,,oo,,
4907,,,,,,oko,
4908,,,,,,,jito
4912,,,base2,,,,
4913,,,,,oo,,
4914,,,,,,oko,
4915,,,,,,,normal
4919,,,base2,,,,
4920,,,,,oo,,
4921,,,,,,oko,
4922,,,,,,,smile
4926,,,base2,,,,
4927,,,,,oo,,
4928,,,,,,oko,
4929,,,,,,,toji
4933,,,base2,,,,
4934,,,,,oo,,
4935,,,,,,sad,
4936,,,,,,,beso
4940,,,base2,,,,
4941,,,,,oo,,
4942,,,,,,sad,
4943,,,,,,,jito
4947,,,base2,,,,
4948,,,,,oo,,
4949,,,,,,sad,
4950,,,,,,,normal
4954,,,base2,,,,
4955,,,,,oo,,
4956,,,,,,sad,
4957,,,,,,,smile
4961,,,base2,,,,
4962,,,,,oo,,
4963,,,,,,sad,
4964,,,,,,,toji
4968,,,base2,,,,
4969,,,,,oo,,
4970,,,,,,syobon,
4971,,,,,,,beso
4975,,,base2,,,,
4976,,,,,oo,,
4977,,,,,,syobon,
4978,,,,,,,jito
4982,,,base2,,,,
4983,,,,,oo,,
4984,,,,,,syobon,
4985,,,,,,,normal
4989,,,base2,,,,
4990,,,,,oo,,
4991,,,,,,syobon,
4992,,,,,,,smile
4996,,,base2,,,,
4997,,,,,oo,,
4998,,,,,,syobon,
4999,,,,,,,toji
5003,,,base2,,,,
5004,,,,,shock,,
5005,,,,,,normal,
5006,,,,,,,beso
5010,,,base2,,,,
5011,,,,,shock,,
5012,,,,,,normal,
5013,,,,,,,jito
5017,,,base2,,,,
5018,,,,,shock,,
5019,,,,,,normal,
5020,,,,,,,normal
5024,,,base2,,,,
5025,,,,,shock,,
5026,,,,,,normal,
5027,,,,,,,smile
5031,,,base2,,,,
5032,,,,,shock,,
5033,,,,,,normal,
5034,,,,,,,toji
5038,,,base2,,,,
5039,,,,,shock,,
5040,,,,,,oko,
5041,,,,,,,beso
5045,,,base2,,,,
5046,,,,,shock,,
5047,,,,,,oko,
5048,,,,,,,jito
5052,,,base2,,,,
5053,,,,,shock,,
5054,,,,,,oko,
5055,,,,,,,normal
5059,,,base2,,,,
5060,,,,,shock,,
5061,,,,,,oko,
5062,,,,,,,smile
5066,,,base2,,,,
5067,,,,,shock,,
5068,,,,,,oko,
5069,,,,,,,toji
5073,,,base2,,,,
5074,,,,,shock,,
5075,,,,,,sad,
5076,,,,,,,beso
5080,,,base2,,,,
5081,,,,,shock,,
5082,,,,,,sad,
5083,,,,,,,jito
5087,,,base2,,,,
5088,,,,,shock,,
5089,,,,,,sad,
5090,,,,,,,normal
5094,,,base2,,,,
5095,,,,,shock,,
5096,,,,,,sad,
5097,,,,,,,smile
5101,,,base2,,,,
5102,,,,,shock,,
5103,,,,,,sad,
5104,,,,,,,toji
5108,,,base2,,,,
5109,,,,,shock,,
5110,,,,,,syobon,
5111,,,,,,,beso
5115,,,base2,,,,
5116,,,,,shock,,
5117,,,,,,syobon,
5118,,,,,,,jito
5122,,,base2,,,,
5123,,,,,shock,,
5124,,,,,,syobon,
5125,,,,,,,normal
5129,,,base2,,,,
5130,,,,,shock,,
5131,,,,,,syobon,
5132,,,,,,,smile
5136,,,base2,,,,
5137,,,,,shock,,
5138,,,,,,syobon,
5139,,,,,,,toji
5143,,,base2,,,,
5144,,,,,wa,,
5145,,,,,,normal,
5146,,,,,,,beso
5150,,,base2,,,,
5151,,,,,wa,,
5152,,,,,,normal,
5153,,,,,,,jito
5157,,,base2,,,,
5158,,,,,wa,,
5159,,,,,,normal,
5160,,,,,,,normal
5164,,,base2,,,,
5165,,,,,wa,,
5166,,,,,,normal,
5167,,,,,,,smile
5171,,,base2,,,,
5172,,,,,wa,,
5173,,,,,,normal,
5174,,,,,,,toji
5178,,,base2,,,,
5179,,,,,wa,,
5180,,,,,,oko,
5181,,,,,,,beso
5185,,,base2,,,,
5186,,,,,wa,,
5187,,,,,,oko,
5188,,,,,,,jito
5192,,,base2,,,,
5193,,,,,wa,,
5194,,,,,,oko,
5195,,,,,,,normal
5199,,,base2,,,,
5200,,,,,wa,,
5201,,,,,,oko,
5202,,,,,,,smile
5206,,,base2,,,,
5207,,,,,wa,,
5208,,,,,,oko,
5209,,,,,,,toji
5213,,,base2,,,,
5214,,,,,wa,,
5215,,,,,,sad,
5216,,,,,,,beso
5220,,,base2,,,,
5221,,,,,wa,,
5222,,,,,,sad,
5223,,,,,,,jito
5227,,,base2,,,,
5228,,,,,wa,,
5229,,,,,,sad,
5230,,,,,,,normal
5234,,,base2,,,,
5235,,,,,wa,,
5236,,,,,,sad,
5237,,,,,,,smile
5241,,,base2,,,,
5242,,,,,wa,,
5243,,,,,,sad,
5244,,,,,,,toji
5248,,,base2,,,,
5249,,,,,wa,,
5250,,,,,,syobon,
5251,,,,,,,beso
5255,,,base2,,,,
5256,,,,,wa,,
5257,,,,,,syobon,
5258,,,,,,,jito
5262,,,base2,,,,
5263,,,,,wa,,
5264,,,,,,syobon,
5265,,,,,,,normal
5269,,,base2,,,,
5270,,,,,wa,,
5271,,,,,,syobon,
5272,,,,,,,smile
5276,,,base2,,,,
5277,,,,,wa,,
5278,,,,,,syobon,
5279,,,,,,,toji
5283,,,base2,,,,
5284,,,,cheek,,,
5285,,,,,a,,
5286,,,,,,normal,
5287,,,,,,,beso
5291,,,base2,,,,
5292,,,,cheek,,,
5293,,,,,a,,
5294,,,,,,normal,
5295,,,,,,,jito
5299,,,base2,,,,
5300,,,,cheek,,,
5301,,,,,a,,
5302,,,,,,normal,
5303,,,,,,,normal
5307,,,base2,,,,
5308,,,,cheek,,,
5309,,,,,a,,
5310,,,,,,normal,
5311,,,,,,,smile
5315,,,base2,,,,
5316,,,,cheek,,,
5317,,,,,a,,
5318,,,,,,normal,
5319,,,,,,,toji
5323,,,base2,,,,
5324,,,,cheek,,,
5325,,,,,a,,
5326,,,,,,oko,
5327,,,,,,,beso
5331,,,base2,,,,
5332,,,,cheek,,,
5333,,,,,a,,
5334,,,,,,oko,
5335,,,,,,,jito
5339,,,base2,,,,
5340,,,,cheek,,,
5341,,,,,a,,
5342,,,,,,oko,
5343,,,,,,,normal
5347,,,base2,,,,
5348,,,,cheek,,,
5349,,,,,a,,
5350,,,,,,oko,
5351,,,,,,,smile
5355,,,base2,,,,
5356,,,,cheek,,,
5357,,,,,a,,
5358,,,,,,oko,
5359,,,,,,,toji
5363,,,base2,,,,
5364,,,,cheek,,,
5365,,,,,a,,
5366,,,,,,sad,
5367,,,,,,,beso
5371,,,base2,,,,
5372,,,,cheek,,,
5373,,,,,a,,
5374,,,,,,sad,
5375,,,,,,,jito
5379,,,base2,,,,
5380,,,,cheek,,,
5381,,,,,a,,
5382,,,,,,sad,
5383,,,,,,,normal
5387,,,base2,,,,
5388,,,,cheek,,,
5389,,,,,a,,
5390,,,,,,sad,
5391,,,,,,,smile
5395,,,base2,,,,
5396,,,,cheek,,,
5397,,,,,a,,
5398,,,,,,sad,
5399,,,,,,,toji
5403,,,base2,,,,
5404,,,,cheek,,,
5405,,,,,a,,
5406,,,,,,syobon,
5407,,,,,,,beso
5411,,,base2,,,,
5412,,,,cheek,,,
5413,,,,,a,,
5414,,,,,,syobon,
5415,,,,,,,jito
5419,,,base2,,,,
5420,,,,cheek,,,
5421,,,,,a,,
5422,,,,,,syobon,
5423,,,,,,,normal
5427,,,base2,,,,
5428,,,,cheek,,,
5429,,,,,a,,
5430,,,,,,syobon,
5431,,,,,,,smile
5435,,,base2,,,,
5436,,,,cheek,,,
5437,,,,,a,,
5438,,,,,,syobon,
5439,,,,,,,toji
5443,,,base2,,,,
5444,,,,cheek,,,
5445,,,,,a2,,
5446,,,,,,normal,
5447,,,,,,,beso
5451,,,base2,,,,
5452,,,,cheek,,,
5453,,,,,a2,,
5454,,,,,,normal,
5455,,,,,,,jito
5459,,,base2,,,,
5460,,,,cheek,,,
5461,,,,,a2,,
5462,,,,,,normal,
5463,,,,,,,normal
5467,,,base2,,,,
5468,,,,cheek,,,
5469,,,,,a2,,
5470,,,,,,normal,
5471,,,,,,,smile
5475,,,base2,,,,
5476,,,,cheek,,,
5477,,,,,a2,,
5478,,,,,,normal,
5479,,,,,,,toji
5483,,,base2,,,,
5484,,,,cheek,,,
5485,,,,,a2,,
5486,,,,,,oko,
5487,,,,,,,beso
5491,,,base2,,,,
5492,,,,cheek,,,
5493,,,,,a2,,
5494,,,,,,oko,
5495,,,,,,,jito
5499,,,base2,,,,
5500,,,,cheek,,,
5501,,,,,a2,,
5502,,,,,,oko,
5503,,,,,,,normal
5507,,,base2,,,,
5508,,,,cheek,,,
5509,,,,,a2,,
5510,,,,,,oko,
5511,,,,,,,smile
5515,,,base2,,,,
5516,,,,cheek,,,
5517,,,,,a2,,
5518,,,,,,oko,
5519,,,,,,,toji
5523,,,base2,,,,
5524,,,,cheek,,,
5525,,,,,a2,,
5526,,,,,,sad,
5527,,,,,,,beso
5531,,,base2,,,,
5532,,,,cheek,,,
5533,,,,,a2,,
5534,,,,,,sad,
5535,,,,,,,jito
5539,,,base2,,,,
5540,,,,cheek,,,
5541,,,,,a2,,
5542,,,,,,sad,
5543,,,,,,,normal
5547,,,base2,,,,
5548,,,,cheek,,,
5549,,,,,a2,,
5550,,,,,,sad,
5551,,,,,,,smile
5555,,,base2,,,,
5556,,,,cheek,,,
5557,,,,,a2,,
5558,,,,,,sad,
5559,,,,,,,toji
5563,,,base2,,,,
5564,,,,cheek,,,
5565,,,,,a2,,
5566,,,,,,syobon,
5567,,,,,,,beso
5571,,,base2,,,,
5572,,,,cheek,,,
5573,,,,,a2,,
5574,,,,,,syobon,
5575,,,,,,,jito
5579,,,base2,,,,
5580,,,,cheek,,,
5581,,,,,a2,,
5582,,,,,,syobon,
5583,,,,,,,normal
5587,,,base2,,,,
5588,,,,cheek,,,
5589,,,,,a2,,
5590,,,,,,syobon,
5591,,,,,,,smile
5595,,,base2,,,,
5596,,,,cheek,,,
5597,,,,,a2,,
5598,,,,,,syobon,
5599,,,,,,,toji
5603,,,base2,,,,
5604,,,,cheek,,,
5605,,,,,e,,
5606,,,,,,normal,
5607,,,,,,,beso
5611,,,base2,,,,
5612,,,,cheek,,,
5613,,,,,e,,
5614,,,,,,normal,
5615,,,,,,,jito
5619,,,base2,,,,
5620,,,,cheek,,,
5621,,,,,e,,
5622,,,,,,normal,
5623,,,,,,,normal
5627,,,base2,,,,
5628,,,,cheek,,,
5629,,,,,e,,
5630,,,,,,normal,
5631,,,,,,,smile
5635,,,base2,,,,
5636,,,,cheek,,,
5637,,,,,e,,
5638,,,,,,normal,
5639,,,,,,,toji
5643,,,base2,,,,
5644,,,,cheek,,,
5645,,,,,e,,
5646,,,,,,oko,
5647,,,,,,,beso
5651,,,base2,,,,
5652,,,,cheek,,,
5653,,,,,e,,
5654,,,,,,oko,
5655,,,,,,,jito
5659,,,base2,,,,
5660,,,,cheek,,,
5661,,,,,e,,
5662,,,,,,oko,
5663,,,,,,,normal
5667,,,base2,,,,
5668,,,,cheek,,,
5669,,,,,e,,
5670,,,,,,oko,
5671,,,,,,,smile
5675,,,base2,,,,
5676,,,,cheek,,,
5677,,,,,e,,
5678,,,,,,oko,
5679,,,,,,,toji
5683,,,base2,,,,
5684,,,,cheek,,,
5685,,,,,e,,
5686,,,,,,sad,
5687,,,,,,,beso
5691,,,base2,,,,
5692,,,,cheek,,,
5693,,,,,e,,
5694,,,,,,sad,
5695,,,,,,,jito
5699,,,base2,,,,
5700,,,,cheek,,,
5701,,,,,e,,
5702,,,,,,sad,
5703,,,,,,,normal
5707,,,base2,,,,
5708,,,,cheek,,,
5709,,,,,e,,
5710,,,,,,sad,
5711,,,,,,,smile
5715,,,base2,,,,
5716,,,,cheek,,,
5717,,,,,e,,
5718,,,,,,sad,
5719,,,,,,,toji
5723,,,base2,,,,
5724,,,,cheek,,,
5725,,,,,e,,
5726,,,,,,syobon,
5727,,,,,,,beso
5731,,,base2,,,,
5732,,,,cheek,,,
5733,,,,,e,,
5734,,,,,,syobon,
5735,,,,,,,jito
5739,,,base2,,,,
5740,,,,cheek,,,
5741,,,,,e,,
5742,,,,,,syobon,
5743,,,,,,,normal
5747,,,base2,,,,
5748,,,,cheek,,,
5749,,,,,e,,
5750,,,,,,syobon,
5751,,,,,,,smile
5755,,,base2,,,,
5756,,,,cheek,,,
5757,,,,,e,,
5758,,,,,,syobon,
5759,,,,,,,toji
5763,,,base2,,,,
5764,,,,cheek,,,
5765,,,,,i,,
5766,,,,,,normal,
5767,,,,,,,beso
5771,,,base2,,,,
5772,,,,cheek,,,
5773,,,,,i,,
5774,,,,,,normal,
5775,,,,,,,jito
5779,,,base2,,,,
5780,,,,cheek,,,
5781,,,,,i,,
5782,,,,,,normal,
5783,,,,,,,normal
5787,,,base2,,,,
5788,,,,cheek,,,
5789,,,,,i,,
5790,,,,,,normal,
5791,,,,,,,smile
5795,,,base2,,,,
5796,,,,cheek,,,
5797,,,,,i,,
5798,,,,,,normal,
5799,,,,,,,toji
5803,,,base2,,,,
5804,,,,cheek,,,
5805,,,,,i,,
5806,,,,,,oko,
5807,,,,,,,beso
5811,,,base2,,,,
5812,,,,cheek,,,
5813,,,,,i,,
5814,,,,,,oko,
5815,,,,,,,jito
5819,,,base2,,,,
5820,,,,cheek,,,
5821,,,,,i,,
5822,,,,,,oko,
5823,,,,,,,normal
5827,,,base2,,,,
5828,,,,cheek,,,
5829,,,,,i,,
5830,,,,,,oko,
5831,,,,,,,smile
5835,,,base2,,,,
5836,,,,cheek,,,
5837,,,,,i,,
5838,,,,,,oko,
5839,,,,,,,toji
5843,,,base2,,,,
5844,,,,cheek,,,
5845,,,,,i,,
5846,,,,,,sad,
5847,,,,,,,beso
5851,,,base2,,,,
5852,,,,cheek,,,
5853,,,,,i,,
5854,,,,,,sad,
5855,,,,,,,jito
5859,,,base2,,,,
5860,,,,cheek,,,
5861,,,,,i,,
5862,,,,,,sad,
5863,,,,,,,normal
5867,,,base2,,,,
5868,,,,cheek,,,
5869,,,,,i,,
5870,,,,,,sad,
5871,,,,,,,smile
5875,,,base2,,,,
5876,,,,cheek,,,
5877,,,,,i,,
5878,,,,,,sad,
5879,,,,,,,toji
5883,,,base2,,,,
5884,,,,cheek,,,
5885,,,,,i,,
5886,,,,,,syobon,
5887,,,,,,,beso
5891,,,base2,,,,
5892,,,,cheek,,,
5893,,,,,i,,
5894,,,,,,syobon,
5895,,,,,,,jito
5899,,,base2,,,,
5900,,,,cheek,,,
5901,,,,,i,,
5902,,,,,,syobon,
5903,,,,,,,normal
5907,,,base2,,,,
5908,,,,cheek,,,
5909,,,,,i,,
5910,,,,,,syobon,
5911,,,,,,,smile
5915,,,base2,,,,
5916,,,,cheek,,,
5917,,,,,i,,
5918,,,,,,syobon,
5919,,,,,,,toji
5923,,,base2,,,,
5924,,,,cheek,,,
5925,,,,,i2,,
5926,,,,,,normal,
5927,,,,,,,beso
5931,,,base2,,,,
5932,,,,cheek,,,
5933,,,,,i2,,
5934,,,,,,normal,
5935,,,,,,,jito
5939,,,base2,,,,
5940,,,,cheek,,,
5941,,,,,i2,,
5942,,,,,,normal,
5943,,,,,,,normal
5947,,,base2,,,,
5948,,,,cheek,,,
5949,,,,,i2,,
5950,,,,,,normal,
5951,,,,,,,smile
5955,,,base2,,,,
5956,,,,cheek,,,
5957,,,,,i2,,
5958,,,,,,normal,
5959,,,,,,,toji
5963,,,base2,,,,
5964,,,,cheek,,,
5965,,,,,i2,,
5966,,,,,,oko,
5967,,,,,,,beso
5971,,,base2,,,,
5972,,,,cheek,,,
5973,,,,,i2,,
5974,,,,,,oko,
5975,,,,,,,jito
5979,,,base2,,,,
5980,,,,cheek,,,
5981,,,,,i2,,
5982,,,,,,oko,
5983,,,,,,,normal
5987,,,base2,,,,
5988,,,,cheek,,,
5989,,,,,i2,,
5990,,,,,,oko,
5991,,,,,,,smile
5995,,,base2,,,,
5996,,,,cheek,,,
5997,,,,,i2,,
5998,,,,,,oko,
5999,,,,,,,toji
6003,,,base2,,,,
6004,,,,cheek,,,
6005,,,,,i2,,
6006,,,,,,sad,
6007,,,,,,,beso
6011,,,base2,,,,
6012,,,,cheek,,,
6013,,,,,i2,,
6014,,,,,,sad,
6015,,,,,,,jito
6019,,,base2,,,,
6020,,,,cheek,,,
6021,,,,,i2,,
6022,,,,,,sad,
6023,,,,,,,normal
6027,,,base2,,,,
6028,,,,cheek,,,
6029,,,,,i2,,
6030,,,,,,sad,
6031,,,,,,,smile
6035,,,base2,,,,
6036,,,,cheek,,,
6037,,,,,i2,,
6038,,,,,,sad,
6039,,,,,,,toji
6043,,,base2,,,,
6044,,,,cheek,,,
6045,,,,,i2,,
6046,,,,,,syobon,
6047,,,,,,,beso
6051,,,base2,,,,
6052,,,,cheek,,,
6053,,,,,i2,,
6054,,,,,,syobon,
6055,,,,,,,jito
6059,,,base2,,,,
6060,,,,cheek,,,
6061,,,,,i2,,
6062,,,,,,syobon,
6063,,,,,,,normal
6067,,,base2,,,,
6068,,,,cheek,,,
6069,,,,,i2,,
6070,,,,,,syobon,
6071,,,,,,,smile
6075,,,base2,,,,
6076,,,,cheek,,,
6077,,,,,i2,,
6078,,,,,,syobon,
6079,,,,,,,toji
6083,,,base2,,,,
6084,,,,cheek,,,
6085,,,,,mu,,
6086,,,,,,normal,
6087,,,,,,,beso
6091,,,base2,,,,
6092,,,,cheek,,,
6093,,,,,mu,,
6094,,,,,,normal,
6095,,,,,,,jito
6099,,,base2,,,,
6100,,,,cheek,,,
6101,,,,,mu,,
6102,,,,,,normal,
6103,,,,,,,normal
6107,,,base2,,,,
6108,,,,cheek,,,
6109,,,,,mu,,
6110,,,,,,normal,
6111,,,,,,,smile
6115,,,base2,,,,
6116,,,,cheek,,,
6117,,,,,mu,,
6118,,,,,,normal,
6119,,,,,,,toji
6123,,,base2,,,,
6124,,,,cheek,,,
6125,,,,,mu,,
6126,,,,,,oko,
6127,,,,,,,beso
6131,,,base2,,,,
6132,,,,cheek,,,
6133,,,,,mu,,
6134,,,,,,oko,
6135,,,,,,,jito
6139,,,base2,,,,
6140,,,,cheek,,,
6141,,,,,mu,,
6142,,,,,,oko,
6143,,,,,,,normal
6147,,,base2,,,,
6148,,,,cheek,,,
6149,,,,,mu,,
6150,,,,,,oko,
6151,,,,,,,smile
6155,,,base2,,,,
6156,,,,cheek,,,
6157,,,,,mu,,
6158,,,,,,oko,
6159,,,,,,,toji
6163,,,base2,,,,
6164,,,,cheek,,,
6165,,,,,mu,,
6166,,,,,,sad,
6167,,,,,,,beso
6171,,,base2,,,,
6172,,,,cheek,,,
6173,,,,,mu,,
6174,,,,,,sad,
6175,,,,,,,jito
6179,,,base2,,,,
6180,,,,cheek,,,
6181,,,,,mu,,
6182,,,,,,sad,
6183,,,,,,,normal
6187,,,base2,,,,
6188,,,,cheek,,,
6189,,,,,mu,,
6190,,,,,,sad,
6191,,,,,,,smile
6195,,,base2,,,,
6196,,,,cheek,,,
6197,,,,,mu,,
6198,,,,,,sad,
6199,,,,,,,toji
6203,,,base2,,,,
6204,,,,cheek,,,
6205,,,,,mu,,
6206,,,,,,syobon,
6207,,,,,,,beso
6211,,,base2,,,,
6212,,,,cheek,,,
6213,,,,,mu,,
6214,,,,,,syobon,
6215,,,,,,,jito
6219,,,base2,,,,
6220,,,,cheek,,,
6221,,,,,mu,,
6222,,,,,,syobon,
6223,,,,,,,normal
6227,,,base2,,,,
6228,,,,cheek,,,
6229,,,,,mu,,
6230,,,,,,syobon,
6231,,,,,,,smile
6235,,,base2,,,,
6236,,,,cheek,,,
6237,,,,,mu,,
6238,,,,,,syobon,
6239,,,,,,,toji
6243,,,base2,,,,
6244,,,,cheek,,,
6245,,,,,n,,
6246,,,,,,normal,
6247,,,,,,,beso
6251,,,base2,,,,
6252,,,,cheek,,,
6253,,,,,n,,
6254,,,,,,normal,
6255,,,,,,,jito
6259,,,base2,,,,
6260,,,,cheek,,,
6261,,,,,n,,
6262,,,,,,normal,
6263,,,,,,,normal
6267,,,base2,,,,
6268,,,,cheek,,,
6269,,,,,n,,
6270,,,,,,normal,
6271,,,,,,,smile
6275,,,base2,,,,
6276,,,,cheek,,,
6277,,,,,n,,
6278,,,,,,normal,
6279,,,,,,,toji
6283,,,base2,,,,
6284,,,,cheek,,,
6285,,,,,n,,
6286,,,,,,oko,
6287,,,,,,,beso
6291,,,base2,,,,
6292,,,,cheek,,,
6293,,,,,n,,
6294,,,,,,oko,
6295,,,,,,,jito
6299,,,base2,,,,
6300,,,,cheek,,,
6301,,,,,n,,
6302,,,,,,oko,
6303,,,,,,,normal
6307,,,base2,,,,
6308,,,,cheek,,,
6309,,,,,n,,
6310,,,,,,oko,
6311,,,,,,,smile
6315,,,base2,,,,
6316,,,,cheek,,,
6317,,,,,n,,
6318,,,,,,oko,
6319,,,,,,,toji
6323,,,base2,,,,
6324,,,,cheek,,,
6325,,,,,n,,
6326,,,,,,sad,
6327,,,,,,,beso
6331,,,base2,,,,
6332,,,,cheek,,,
6333,,,,,n,,
6334,,,,,,sad,
6335,,,,,,,jito
6339,,,base2,,,,
6340,,,,cheek,,,
6341,,,,,n,,
6342,,,,,,sad,
6343,,,,,,,normal
6347,,,base2,,,,
6348,,,,cheek,,,
6349,,,,,n,,
6350,,,,,,sad,
6351,,,,,,,smile
6355,,,base2,,,,
6356,,,,cheek,,,
6357,,,,,n,,
6358,,,,,,sad,
6359,,,,,,,toji
6363,,,base2,,,,
6364,,,,cheek,,,
6365,,,,,n,,
6366,,,,,,syobon,
6367,,,,,,,beso
6371,,,base2,,,,
6372,,,,cheek,,,
6373,,,,,n,,
6374,,,,,,syobon,
6375,,,,,,,jito
6379,,,base2,,,,
6380,,,,cheek,,,
6381,,,,,n,,
6382,,,,,,syobon,
6383,,,,,,,normal
6387,,,base2,,,,
6388,,,,cheek,,,
6389,,,,,n,,
6390,,,,,,syobon,
6391,,,,,,,smile
6395,,,base2,,,,
6396,,,,cheek,,,
6397,,,,,n,,
6398,,,,,,syobon,
6399,,,,,,,toji
6403,,,base2,,,,
6404,,,,cheek,,,
6405,,,,,niko,,
6406,,,,,,normal,
6407,,,,,,,beso
6411,,,base2,,,,
6412,,,,cheek,,,
6413,,,,,niko,,
6414,,,,,,normal,
6415,,,,,,,jito
6419,,,base2,,,,
6420,,,,cheek,,,
6421,,,,,niko,,
6422,,,,,,normal,
6423,,,,,,,normal
6427,,,base2,,,,
6428,,,,cheek,,,
6429,,,,,niko,,
6430,,,,,,normal,
6431,,,,,,,smile
6435,,,base2,,,,
6436,,,,cheek,,,
6437,,,,,niko,,
6438,,,,,,normal,
6439,,,,,,,toji
6443,,,base2,,,,
6444,,,,cheek,,,
6445,,,,,niko,,
6446,,,,,,oko,
6447,,,,,,,beso
6451,,,base2,,,,
6452,,,,cheek,,,
6453,,,,,niko,,
6454,,,,,,oko,
6455,,,,,,,jito
6459,,,base2,,,,
6460,,,,cheek,,,
6461,,,,,niko,,
6462,,,,,,oko,
6463,,,,,,,normal
6467,,,base2,,,,
6468,,,,cheek,,,
6469,,,,,niko,,
6470,,,,,,oko,
6471,,,,,,,smile
6475,,,base2,,,,
6476,,,,cheek,,,
6477,,,,,niko,,
6478,,,,,,oko,
6479,,,,,,,toji
6483,,,base2,,,,
6484,,,,cheek,,,
6485,,,,,niko,,
6486,,,,,,sad,
6487,,,,,,,beso
6491,,,base2,,,,
6492,,,,cheek,,,
6493,,,,,niko,,
6494,,,,,,sad,
6495,,,,,,,jito
6499,,,base2,,,,
6500,,,,cheek,,,
6501,,,,,niko,,
6502,,,,,,sad,
6503,,,,,,,normal
6507,,,base2,,,,
6508,,,,cheek,,,
6509,,,,,niko,,
6510,,,,,,sad,
6511,,,,,,,smile
6515,,,base2,,,,
6516,,,,cheek,,,
6517,,,,,niko,,
6518,,,,,,sad,
6519,,,,,,,toji
6523,,,base2,,,,
6524,,,,cheek,,,
6525,,,,,niko,,
6526,,,,,,syobon,
6527,,,,,,,beso
6531,,,base2,,,,
6532,,,,cheek,,,
6533,,,,,niko,,
6534,,,,,,syobon,
6535,,,,,,,jito
6539,,,base2,,,,
6540,,,,cheek,,,
6541,,,,,niko,,
6542,,,,,,syobon,
6543,,,,,,,normal
6547,,,base2,,,,
6548,,,,cheek,,,
6549,,,,,niko,,
6550,,,,,,syobon,
6551,,,,,,,smile
6555,,,base2,,,,
6556,,,,cheek,,,
6557,,,,,niko,,
6558,,,,,,syobon,
6559,,,,,,,toji
6563,,,base2,,,,
6564,,,,cheek,,,
6565,,,,,o,,
6566,,,,,,normal,
6567,,,,,,,beso
6571,,,base2,,,,
6572,,,,cheek,,,
6573,,,,,o,,
6574,,,,,,normal,
6575,,,,,,,jito
6579,,,base2,,,,
6580,,,,cheek,,,
6581,,,,,o,,
6582,,,,,,normal,
6583,,,,,,,normal
6587,,,base2,,,,
6588,,,,cheek,,,
6589,,,,,o,,
6590,,,,,,normal,
6591,,,,,,,smile
6595,,,base2,,,,
6596,,,,cheek,,,
6597,,,,,o,,
6598,,,,,,normal,
6599,,,,,,,toji
6603,,,base2,,,,
6604,,,,cheek,,,
6605,,,,,o,,
6606,,,,,,oko,
6607,,,,,,,beso
6611,,,base2,,,,
6612,,,,cheek,,,
6613,,,,,o,,
6614,,,,,,oko,
6615,,,,,,,jito
6619,,,base2,,,,
6620,,,,cheek,,,
6621,,,,,o,,
6622,,,,,,oko,
6623,,,,,,,normal
6627,,,base2,,,,
6628,,,,cheek,,,
6629,,,,,o,,
6630,,,,,,oko,
6631,,,,,,,smile
6635,,,base2,,,,
6636,,,,cheek,,,
6637,,,,,o,,
6638,,,,,,oko,
6639,,,,,,,toji
6643,,,base2,,,,
6644,,,,cheek,,,
6645,,,,,o,,
6646,,,,,,sad,
6647,,,,,,,beso
6651,,,base2,,,,
6652,,,,cheek,,,
6653,,,,,o,,
6654,,,,,,sad,
6655,,,,,,,jito
6659,,,base2,,,,
6660,,,,cheek,,,
6661,,,,,o,,
6662,,,,,,sad,
6663,,,,,,,normal
6667,,,base2,,,,
6668,,,,cheek,,,
6669,,,,,o,,
6670,,,,,,sad,
6671,,,,,,,smile
6675,,,base2,,,,
6676,,,,cheek,,,
6677,,,,,o,,
6678,,,,,,sad,
6679,,,,,,,toji
6683,,,base2,,,,
6684,,,,cheek,,,
6685,,,,,o,,
6686,,,,,,syobon,
6687,,,,,,,beso
6691,,,base2,,,,
6692,,,,cheek,,,
6693,,,,,o,,
6694,,,,,,syobon,
6695,,,,,,,jito
6699,,,base2,,,,
6700,,,,cheek,,,
6701,,,,,o,,
6702,,,,,,syobon,
6703,,,,,,,normal
6707,,,base2,,,,
6708,,,,cheek,,,
6709,,,,,o,,
6710,,,,,,syobon,
6711,,,,,,,smile
6715,,,base2,,,,
6716,,,,cheek,,,
6717,,,,,o,,
6718,,,,,,syobon,
6719,,,,,,,toji
6723,,,base2,,,,
6724,,,,cheek,,,
6725,,,,,oo,,
6726,,,,,,normal,
6727,,,,,,,beso
6731,,,base2,,,,
6732,,,,cheek,,,
6733,,,,,oo,,
6734,,,,,,normal,
6735,,,,,,,jito
6739,,,base2,,,,
6740,,,,cheek,,,
6741,,,,,oo,,
6742,,,,,,normal,
6743,,,,,,,normal
6747,,,base2,,,,
6748,,,,cheek,,,
6749,,,,,oo,,
6750,,,,,,normal,
6751,,,,,,,smile
6755,,,base2,,,,
6756,,,,cheek,,,
6757,,,,,oo,,
6758,,,,,,normal,
6759,,,,,,,toji
6763,,,base2,,,,
6764,,,,cheek,,,
6765,,,,,oo,,
6766,,,,,,oko,
6767,,,,,,,beso
6771,,,base2,,,,
6772,,,,cheek,,,
6773,,,,,oo,,
6774,,,,,,oko,
6775,,,,,,,jito
6779,,,base2,,,,
6780,,,,cheek,,,
6781,,,,,oo,,
6782,,,,,,oko,
6783,,,,,,,normal
6787,,,base2,,,,
6788,,,,cheek,,,
6789,,,,,oo,,
6790,,,,,,oko,
6791,,,,,,,smile
6795,,,base2,,,,
6796,,,,cheek,,,
6797,,,,,oo,,
6798,,,,,,oko,
6799,,,,,,,toji
6803,,,base2,,,,
6804,,,,cheek,,,
6805,,,,,oo,,
6806,,,,,,sad,
6807,,,,,,,beso
6811,,,base2,,,,
6812,,,,cheek,,,
6813,,,,,oo,,
6814,,,,,,sad,
6815,,,,,,,jito
6819,,,base2,,,,
6820,,,,cheek,,,
6821,,,,,oo,,
6822,,,,,,sad,
6823,,,,,,,normal
6827,,,base2,,,,
6828,,,,cheek,,,
6829,,,,,oo,,
6830,,,,,,sad,
6831,,,,,,,smile
6835,,,base2,,,,
6836,,,,cheek,,,
6837,,,,,oo,,
6838,,,,,,sad,
6839,,,,,,,toji
6843,,,base2,,,,
6844,,,,cheek,,,
6845,,,,,oo,,
6846,,,,,,syobon,
6847,,,,,,,beso
6851,,,base2,,,,
6852,,,,cheek,,,
6853,,,,,oo,,
6854,,,,,,syobon,
6855,,,,,,,jito
6859,,,base2,,,,
6860,,,,cheek,,,
6861,,,,,oo,,
6862,,,,,,syobon,
6863,,,,,,,normal
6867,,,base2,,,,
6868,,,,cheek,,,
6869,,,,,oo,,
6870,,,,,,syobon,
6871,,,,,,,smile
6875,,,base2,,,,
6876,,,,cheek,,,
6877,,,,,oo,,
6878,,,,,,syobon,
6879,,,,,,,toji
6883,,,base2,,,,
6884,,,,cheek,,,
6885,,,,,shock,,
6886,,,,,,normal,
6887,,,,,,,beso
6891,,,base2,,,,
6892,,,,cheek,,,
6893,,,,,shock,,
6894,,,,,,normal,
6895,,,,,,,jito
6899,,,base2,,,,
6900,,,,cheek,,,
6901,,,,,shock,,
6902,,,,,,normal,
6903,,,,,,,normal
6907,,,base2,,,,
6908,,,,cheek,,,
6909,,,,,shock,,
6910,,,,,,normal,
6911,,,,,,,smile
6915,,,base2,,,,
6916,,,,cheek,,,
6917,,,,,shock,,
6918,,,,,,normal,
6919,,,,,,,toji
6923,,,base2,,,,
6924,,,,cheek,,,
6925,,,,,shock,,
6926,,,,,,oko,
6927,,,,,,,beso
6931,,,base2,,,,
6932,,,,cheek,,,
6933,,,,,shock,,
6934,,,,,,oko,
6935,,,,,,,jito
6939,,,base2,,,,
6940,,,,cheek,,,
6941,,,,,shock,,
6942,,,,,,oko,
6943,,,,,,,normal
6947,,,base2,,,,
6948,,,,cheek,,,
6949,,,,,shock,,
6950,,,,,,oko,
6951,,,,,,,smile
6955,,,base2,,,,
6956,,,,cheek,,,
6957,,,,,shock,,
6958,,,,,,oko,
6959,,,,,,,toji
6963,,,base2,,,,
6964,,,,cheek,,,
6965,,,,,shock,,
6966,,,,,,sad,
6967,,,,,,,beso
6971,,,base2,,,,
6972,,,,cheek,,,
6973,,,,,shock,,
6974,,,,,,sad,
6975,,,,,,,jito
6979,,,base2,,,,
6980,,,,cheek,,,
6981,,,,,shock,,
6982,,,,,,sad,
6983,,,,,,,normal
6987,,,base2,,,,
6988,,,,cheek,,,
6989,,,,,shock,,
6990,,,,,,sad,
6991,,,,,,,smile
6995,,,base2,,,,
6996,,,,cheek,,,
6997,,,,,shock,,
6998,,,,,,sad,
6999,,,,,,,toji
7003,,,base2,,,,
7004,,,,cheek,,,
7005,,,,,shock,,
7006,,,,,,syobon,
7007,,,,,,,beso
7011,,,base2,,,,
7012,,,,cheek,,,
7013,,,,,shock,,
7014,,,,,,syobon,
7015,,,,,,,jito
7019,,,base2,,,,
7020,,,,cheek,,,
7021,,,,,shock,,
7022,,,,,,syobon,
7023,,,,,,,normal
7027,,,base2,,,,
7028,,,,cheek,,,
7029,,,,,shock,,
7030,,,,,,syobon,
7031,,,,,,,smile
7035,,,base2,,,,
7036,,,,cheek,,,
7037,,,,,shock,,
7038,,,,,,syobon,
7039,,,,,,,toji
7043,,,base2,,,,
7044,,,,cheek,,,
7045,,,,,wa,,
7046,,,,,,normal,
7047,,,,,,,beso
7051,,,base2,,,,
7052,,,,cheek,,,
7053,,,,,wa,,
7054,,,,,,normal,
7055,,,,,,,jito
7059,,,base2,,,,
7060,,,,cheek,,,
7061,,,,,wa,,
7062,,,,,,normal,
7063,,,,,,,normal
7067,,,base2,,,,
7068,,,,cheek,,,
7069,,,,,wa,,
7070,,,,,,normal,
7071,,,,,,,smile
7075,,,base2,,,,
7076,,,,cheek,,,
7077,,,,,wa,,
7078,,,,,,normal,
7079,,,,,,,toji
7083,,,base2,,,,
7084,,,,cheek,,,
7085,,,,,wa,,
7086,,,,,,oko,
7087,,,,,,,beso
7091,,,base2,,,,
7092,,,,cheek,,,
7093,,,,,wa,,
7094,,,,,,oko,
7095,,,,,,,jito
7099,,,base2,,,,
7100,,,,cheek,,,
7101,,,,,wa,,
7102,,,,,,oko,
7103,,,,,,,normal
7107,,,base2,,,,
7108,,,,cheek,,,
7109,,,,,wa,,
7110,,,,,,oko,
7111,,,,,,,smile
7115,,,base2,,,,
7116,,,,cheek,,,
7117,,,,,wa,,
7118,,,,,,oko,
7119,,,,,,,toji
7123,,,base2,,,,
7124,,,,cheek,,,
7125,,,,,wa,,
7126,,,,,,sad,
7127,,,,,,,beso
7131,,,base2,,,,
7132,,,,cheek,,,
7133,,,,,wa,,
7134,,,,,,sad,
7135,,,,,,,jito
7139,,,base2,,,,
7140,,,,cheek,,,
7141,,,,,wa,,
7142,,,,,,sad,
7143,,,,,,,normal
7147,,,base2,,,,
7148,,,,cheek,,,
7149,,,,,wa,,
7150,,,,,,sad,
7151,,,,,,,smile
7155,,,base2,,,,
7156,,,,cheek,,,
7157,,,,,wa,,
7158,,,,,,sad,
7159,,,,,,,toji
7163,,,base2,,,,
7164,,,,cheek,,,
7165,,,,,wa,,
7166,,,,,,syobon,
7167,,,,,,,beso
7171,,,base2,,,,
7172,,,,cheek,,,
7173,,,,,wa,,
7174,,,,,,syobon,
7175,,,,,,,jito
7179,,,base2,,,,
7180,,,,cheek,,,
7181,,,,,wa,,
7182,,,,,,syobon,
7183,,,,,,,normal
7187,,,base2,,,,
7188,,,,cheek,,,
7189,,,,,wa,,
7190,,,,,,syobon,
7191,,,,,,,smile
7195,,,base2,,,,
7196,,,,cheek,,,
7197,,,,,wa,,
7198,,,,,,syobon,
7199,,,,,,,toji
